company_categories,phone_number,category
спецтехника и спецавтомобили;услуги грузчиков;перевозка негабаритных грузов,73953274827,146
агентство недвижимости,79028351016,54
стоматологическая поликлиника;стоматологическая клиника,79120189455,11
аптека,78124426652,187
"регистрационная палата;министерства, ведомства, государственные службы",73422836588,16
такси,73953453000,160
банк,73422191224,160
магазин автозапчастей и автотоваров;автосигнализация;автоаксессуары;автоакустика,73912508516,6
электротехническая продукция;кабель и провод;светотехника,73512402001,118
магазин радиодеталей;радиотелефонная и радиотехника;аккумуляторы и зарядные устройства,73912702737,174
диагностический центр;детская поликлиника,78127846409,44
диагностический центр,78127846409,44
пенсионный фонд,73512822828,62
сельскохозяйственная техника,79123114418,56
управляющая компания;аварийная служба;коммунальная служба,73522604145,278
"медцентр, клиника;медицинская лаборатория;медицинская помощь на дому",74951500303,109
"медцентр, клиника;медицинская помощь на дому",74951500303,109
православный храм,73912123395,92
такси,78636925454,160
доставка еды и обедов,73912170000,275
поликлиника для взрослых;детская поликлиника,73494973866,79
нотариусы,78182210199,15
такси;прокат автомобилей,78462202020,160
такси;автомойка;услуги грузчиков;переезды;химчистка;автомобильные грузоперевозки,73843720000,65
автосалон;кузовной ремонт,73452290022,97
фармацевтическая компания,74956657620,138
автомойка,73842766822,93
больница для взрослых;детская больница;поликлиника для взрослых;детская поликлиника,74732524417,79
коммунальная служба,73466749563,278
строительство и ремонт дорог,79028381513,12
"парикмахерская;ногтевая студия;косметология;визажисты, стилисты",79045024151,47
ремонт бытовой техники;компьютерный ремонт и услуги;ремонт планшетов и ноутбуков,79290064032,72
почтовое отделение,73425541871,71
кадастровые работы,79062161279,158
отделение полиции,73952213930,92
строительный магазин;кирпич;оптовый магазин,78362456965,62
детская поликлиника,78635466597,160
аварийная служба,73812550557,92
салон красоты;парикмахерская;обучение мастеров для салонов красоты;ногтевая студия,79805565136,88
стоматологическая клиника,79021325973,11
теплоснабжение;энергетическая организация;производственное предприятие,78183722376,2
аптека,74732020845,187
коммунальная служба;управляющая компания;строительная компания,78635541393,278
энергоснабжение,78635541393,41
стоматологическая клиника,79129436929,11
отделение полиции,79047850884,92
"лазертаг;организация и проведение детских праздников;спортивный клуб, секция",74732296280,5
лазертаг;пейнтбол;организация и проведение детских праздников;спортивно-развлекательный центр,74732296280,3
лазертаг;пейнтбол;праздничное агентство;парк аттракционов;спортивно-развлекательный центр;парк культуры и отдыха,74732296280,165
лазертаг;праздничное агентство;организация и проведение детских праздников;парк культуры и отдыха,74732296280,165
доставка еды и обедов;пиццерия,78452454849,275
детская поликлиника,73432408483,160
магазин автозапчастей и автотоваров,73842774775,6
праздничное агентство;организация и проведение детских праздников;видеосъемка,79021901047,166
коммунальная служба,79204084775,278
стоматологическая клиника,74912250568,11
салон красоты,73422077379,122
ремонт сотовых телефонов;ремонт бытовой техники;ремонт планшетов и ноутбуков,79513313333,72
коммунальная служба,78126776256,278
кадастровые работы;бти;оценочная компания;юридические услуги,73812200150,62
ремонт планшетов и ноутбуков;ремонт сотовых телефонов;салон связи,79539749777,79
аутсорсинг,74912519313,17
доставка еды и обедов;пиццерия,79525784857,275
подшипники;металлоизделия,79082559499,5
"парикмахерская;салон красоты;визажисты, стилисты;ногтевая студия",79265313833,160
парикмахерская,73422426444,88
отделение полиции,74812384134,92
кафе,73467269158,113
"оздоровительный центр;фитнес-клуб;бассейн;спортивный, тренажерный зал;спортивный клуб, секция",74712340000,88
детский сад,74712340000,146
аквапарк,74712340000,167
"медцентр, клиника;реабилитационный центр",78442714770,109
коммунальная служба,79130070413,278
фотоуслуги;фотомагазин;магазин подарков и сувениров,79048933208,165
фотомагазин;фотоуслуги;магазин подарков и сувениров,79048933208,165
фотомагазин;фотоуслуги;изготовление и оптовая продажа сувениров,79048933208,165
избирательные комиссии и участки,79048233493,10
выборы 2017,79048233493,14
такси;заказ автомобилей,78126403640,160
психотерапевтическая помощь;психологическая служба,73952240403,2
табачная продукция оптом;безалкогольные напитки оптом,73842454420,134
диспансер;поликлиника для взрослых,73822565282,79
парикмахерская,79248289877,88
"автосервис, автотехцентр;шиномонтаж",73842673760,262
"медцентр, клиника",79045555572,109
аптека,78142760230,187
диагностический центр;коррекция зрения,78317123250,44
ателье по пошиву и ремонту одежды,79027945868,5
расчетно-кассовый центр,73845525750,2
женская консультация,73514135025,13
парикмахерская;ногтевая студия,78212563918,88
такси,73422700100,160
отделение полиции,73832321718,92
"диагностический центр;медцентр, клиника",74712770171,109
"медцентр, клиника;диагностический центр",74712770171,109
агентство недвижимости;продажа и аренда коммерческой недвижимости;согласование перепланировок,79517669975,4
отделение полиции,79048874950,92
фотоуслуги,79116002529,165
общеобразовательная школа,73422125740,36
выборы 2017,73422125740,14
избирательные комиссии и участки,73422125740,10
"медцентр, клиника",78632010304,109
баня;сауна,74732632139,59
канцтовары оптом,78126704466,32
типография;широкоформатная печать;полиграфические услуги;рекламная продукция;изготовление пластиковых карт,74732020457,3
полиграфические услуги;изготовление и оптовая продажа сувениров;рекламная продукция;интернет-магазин,74732020457,6
типография;изготовление вывесок;полиграфические услуги,74732020457,17
курьерские услуги;автомобильные грузоперевозки,79065350295,65
"водоканал, водное хозяйство",74746122787,62
установка гбо;автокондиционеры,79202266395,11
"автовокзал, автостанция",78165954103,96
такси;услуги водителя без автомобиля,78636237600,113
"автосервис, автотехцентр",79092684257,262
"установка гбо;автосервис, автотехцентр",79092684257,262
администрация,73832288405,275
служба газового хозяйства,74924326464,257
окна;двери,78126409005,120
солярий,74942451110,113
"автосервис, автотехцентр;авторазбор;магазин автозапчастей и автотоваров;автомойка",79080599901,6
магазин автозапчастей и автотоваров;шиномонтаж,74952761717,6
банкомат,74952761717,70
скорая медицинская помощь,73812931202,6
ночной клуб;караоке-клуб;ресторан;бильярдный клуб,73422826916,190
медсанчасть,73952235932,1
спутниковое телевидение;антенны,78422700333,122
"производственное предприятие;клининговые услуги;химчистка;промышленная химия;чистка ковров;прачечная;биотуалеты, туалетные кабины;промышленный альпинизм;отопительное оборудование и системы",79224096179,218
госавтоинспекция,78125420202,159
отделение полиции,78125420202,92
проектная организация;согласование перепланировок;архитектурное бюро;юридические услуги;строительная компания,73812272262,62
"смазочные материалы;фильтры для воды;магазин сантехники;системы водоснабжения, отопления, канализации;монтаж и обслуживание систем водоснабжения и канализации",79514787331,29
"смазочные материалы;автокосметика, автохимия",73952560884,29
такси,73424201234,160
коммунальная служба,78216789888,278
управляющая компания;согласование перепланировок,78216789888,83
установка гбо;газовое оборудование;газовые баллоны,78124072101,11
салон красоты,79045839015,122
агентство недвижимости;инвестиционная компания;юридические услуги,79029820476,54
банк;обмен валюты,73812211580,160
банкомат,73812211580,70
детская больница;травмпункт;больница для взрослых;детская поликлиника;специализированная больница,74732202280,160
коммунальная служба,78212211674,278
кинотеатр,73912911001,2
кадастровые работы,79022646787,158
"автосервис, автотехцентр;автоэмали, автомобильные краски;магазин автозапчастей и автотоваров",79131499101,6
магазин мебели;корпусная мебель;жалюзи и рулонные шторы,73427132052,159
магазин мебели;мебель для кухни;жалюзи и рулонные шторы;шкафы-купе,73427132052,159
аптека,73952483073,187
"поликлиника для взрослых;детская поликлиника;медцентр, клиника",73812524002,79
детская поликлиника,73832790705,160
магазин мебели;мягкая мебель;мебель для кухни;детская мебель;корпусная мебель;интернет-магазин,73822446335,6
служба газового хозяйства,74832568621,257
автосалон,78124263416,97
пенсионный фонд,78182412173,62
школа искусств,73912495722,90
мрэо;госавтоинспекция,73846427457,159
логистическая компания;алкогольная продукция оптом;безалкогольные напитки оптом;продукты питания оптом,73912737185,134
энергоснабжение,73912736603,41
почтовое отделение,73845653111,71
салон красоты;парикмахерская;ногтевая студия,74734155644,88
антенны;спутниковое телевидение;системы безопасности и охраны;кабельное телевидение,73012672727,120
почтовое отделение,74723693389,71
веломагазин;спортивный магазин;прокат велосипедов;ремонт велосипедов,79620407811,122
"министерства, ведомства, государственные службы",78452264770,16
такси,78129750505,160
расчетно-кассовый центр,73845552769,2
ремонт бытовой техники;компьютерный ремонт и услуги;ремонт сотовых телефонов;ремонт планшетов и ноутбуков;ремонт аудиотехники и видеотехники,73955611619,72
учебный центр;безопасность труда,73466248383,9
магазин автозапчастей и автотоваров,74732265979,6
салон красоты,79226991941,122
пенсионный фонд,73453125435,62
наружная реклама;рекламное агентство,79127706087,9
"магазин автозапчастей и автотоваров;автоаксессуары;автокосметика, автохимия",73822349333,6
магазин автозапчастей и автотоваров;автоаксессуары;автокондиционеры;автомобильные радиаторы,73822349333,6
такси,73454260637,160
исправительное учреждение,73912214262,168
"медцентр, клиника",73424277702,109
агентство недвижимости;ипотечное агентство,79515721713,116
пиццерия;доставка еды и обедов,74995055757,275
доставка еды и обедов,74995055757,275
коммунальная служба,78435201554,278
почтовое отделение,73516334940,71
банк;обмен валюты,73452790315,160
денежные переводы,73452790315,47
такси,74824244444,160
металлопрокат,79126029654,1
стоматологическая клиника;стоматологические материалы и оборудование,73842774848,11
стоматологическая клиника,73842774848,11
"диспансер;больница для взрослых;поликлиника для взрослых;медцентр, клиника",73843796710,79
медицинская лаборатория,73843796710,52
"амбулатория, здравпункт, медпункт",78415021358,195
магазин мебели,79082678942,159
салон красоты;парикмахерская;косметология,73467300302,47
натяжные и подвесные потолки;монтажные работы;строительные и отделочные работы,79515435560,15
кафе;банкетный зал,74732021500,113
микрофинансирование,78622960222,56
такси,73466721515,160
ремонт обуви,79087936031,35
салон красоты;спа-салон,73955610707,122
детская поликлиника,74014132270,160
микрофинансирование,79620333802,56
магазин автозапчастей и автотоваров;автостекла;производство и оптовая продажа автозапчастей;автоаксессуары,74232948001,144
кафе,73955678100,113
"вендинговое оборудование;кофемашины, кофейные автоматы;торговое оборудование",79052253311,10
электромонтажные работы;строительные и отделочные работы;электротехническая продукция;проектная организация,78332410164,118
электромонтажные работы;аренда строительной и спецтехники,78332410164,2
электротехническая продукция,78332410164,118
женская консультация,78435549266,13
аренда фотостудий;фотоуслуги;организация и проведение детских праздников,78126464764,165
доставка еды и обедов;пиццерия,79027666696,275
пиццерия,79027666696,93
авторазбор,74872711212,2
аптека,78612511551,187
"медцентр, клиника;диагностический центр",73452562727,109
охранное предприятие,73842496499,101
магазин автозапчастей и автотоваров;производство и оптовая продажа автозапчастей;пункт выдачи;интернет-магазин,74955071726,6
кадастровые работы;юридические услуги,79006711167,62
электро- и бензоинструмент;деревообрабатывающее оборудование;компрессоры и компрессорное оборудование;крепёжные изделия;энергетическое оборудование;инструментальная промышленность;пункт проката,73812701006,2
металлопрокат;аренда строительной и спецтехники;автомобильные грузоперевозки,79038414754,65
"водосчётчики, газосчётчики, теплосчётчики;стандартизация и метрология;сантехнические работы",79212165595,5
производственное предприятие;тара и упаковочные материалы;пластмассовые и пластиковые изделия;хозтовары оптом;магазин хозтоваров и бытовой химии,73812229943,80
товары для отдыха и туризма;оружие и средства самозащиты;товары для охоты;спортивный магазин;системы безопасности и охраны,78633032097,122
интернет-магазин;товары для охоты;оружие и средства самозащиты;спортивный инвентарь и оборудование;товары для отдыха и туризма,78633032097,6
скорая медицинская помощь;медицинская помощь на дому;больница для взрослых,78122223338,241
гостиница,79028043155,159
металлопрокат;магазин сантехники;трубы и трубопроводная арматура;кованые изделия,73812513636,107
автомобильные грузоперевозки;логистическая компания,74956483232,65
стройматериалы оптом;строительный инструмент;сухие строительные смеси,74956483232,279
пиццерия;доставка еды и обедов,78613725067,275
страховая компания;страхование автомобилей,73452790200,1
столовая,79243553008,182
ip-телефония,73912298080,284
телекоммуникационное оборудование;устройство сетей,73912298080,20
ногтевая студия;обучение мастеров для салонов красоты;массажный салон,79539359092,20
юридические услуги;регистрация и ликвидация предприятий;бизнес-консалтинг,79068806950,62
изоляционные работы;электромонтажные работы,79236160133,90
паспортные и миграционные службы,73429731533,122
"автосервис, автотехцентр;магазин автозапчастей и автотоваров;ремонт двигателей",73952677399,6
овощной магазин,79507961863,52
"автосервис, автотехцентр;автосалон;автомойка;пункт техосмотра;шиномонтаж;магазин автозапчастей и автотоваров",73517490909,6
диспансер;больница для взрослых;детская больница,74832740259,241
управляющая компания,73512471714,17
торговый центр,73512471714,196
управляющая компания,78202262780,17
садовый инвентарь и техника;товары для отдыха и туризма;магазин электротоваров;магазин бытовой техники;магазин хозтоваров и бытовой химии,73822900585,72
керамическая плитка;облицовочные материалы,79898176341,195
сауна;баня,74822448871,59
поликлиника для взрослых,78432620248,79
фотоуслуги,79500810706,165
логистическая компания;экспедирование грузов;автомобильные грузоперевозки,73513048671,65
автомобильные грузоперевозки,79502748888,65
гостиница,73424330274,159
кафе,73424330274,113
стоматологическая поликлиника,78636574521,33
магазин одежды,79504392169,163
курьерские услуги;автомобильные грузоперевозки,73452560999,65
детский сад,79081999215,146
ремонт аудиотехники и видеотехники;ремонт бытовой техники;ремонт планшетов и ноутбуков,73452364751,72
изоляционные материалы;стройматериалы оптом;строительный магазин;сухие строительные смеси;магазин хозтоваров и бытовой химии,78312601160,62
"автоэмали, автомобильные краски;магазин автозапчастей и автотоваров;автоаксессуары;автоателье;смазочные материалы",73412688674,6
банкетный зал;гостиница;кафе;сауна,73812469100,159
нотариусы,74742222956,15
магазин сумок и чемоданов;магазин галантереи и аксессуаров,78124088040,6
салон красоты;ногтевая студия,73512610146,88
"строительный магазин;магазин сантехники;кабель и провод;торговый центр;линолеум;светильники;системы водоснабжения, отопления, канализации",74732475557,62
почтовое отделение;агентство по подписке;редакция сми;денежные переводы,74725226211,71
магазин медицинских товаров;медицинские изделия и расходные материалы,74832586262,279
оборудование и материалы для салонов красоты;интернет-магазин;обучение мастеров для салонов красоты,79218997090,6
служба газового хозяйства,78447951308,257
мебель на заказ;мебельная фурнитура и комплектующие;магазин мебели;корпусная мебель,73012230075,159
коммунальная служба,73953466509,278
"шторы, карнизы",79027943952,11
юридические услуги,79501101111,62
шиномонтаж,79139782910,25
агентство недвижимости;продажа и аренда коммерческой недвижимости,73812555777,4
магазин мебели;мебель для кухни;мягкая мебель,73912528488,159
супермаркет,73912528488,3
мягкая мебель;матрасы;системы перегородок;магазин постельных принадлежностей;мебельная фурнитура и комплектующие;товары для дома;мебель на заказ;мебель для офиса;ортопедический салон,73912528488,88
товары для интерьера,73912528488,2
"автотехпомощь, эвакуация автомобилей",79081913238,6
диспансер;больница для взрослых;детская больница;специализированная больница,78202572644,40
парикмахерская,73952749379,88
"автосервис, автотехцентр;производство и оптовая продажа автозапчастей;автотехпомощь, эвакуация автомобилей;шиномонтаж;автосигнализация;авторынок",73842752278,144
"больница для взрослых;поликлиника для взрослых;специализированная больница;медцентр, клиника",78435703449,79
гостиница,73422940087,159
"смазочные материалы;автокосметика, автохимия",79138730430,29
авторазбор;выкуп автомобилей,79085197734,2
продажа и аренда коммерческой недвижимости;агентство недвижимости;строительные и отделочные работы;строительная компания,73512606933,4
салон связи,78007000010,5
социальная служба,74742354612,2
диспансер,78182206810,108
доставка еды и обедов,73422058118,275
поликлиника для взрослых;детская поликлиника,78125739914,79
женская консультация,78125739914,13
социальная служба,78182617485,2
ресторан,74912957248,190
суши-бар;ресторан,74912957248,190
баня;сауна,73955512060,59
"больница для взрослых;медцентр, клиника",79066274589,109
служба газового хозяйства;нефтегазовая компания;технические и медицинские газы,74872253656,257
оздоровительный центр;бассейн;массажный салон,73452600898,20
"магазин автозапчастей и автотоваров;автосервис, автотехцентр;автосалон;пункт техосмотра;шиномонтаж",73433783358,6
"ресторан;кафе;кофейня;ночной клуб;бар, паб",73912820082,190
ювелирный магазин,79507278419,287
ломбард,79507278419,214
вуз,73952405124,0
строительная компания;строительство и ремонт дорог,79024711951,15
ветеринарная клиника,73843941200,138
парикмахерская;салон красоты,73912723252,122
такси,79610650606,160
организация и проведение детских праздников;детское игровое оборудование,79044485048,3
магазин продуктов,79184325125,56
доставка еды и обедов,74997098116,275
стоматологическая клиника,79039030661,11
курьерские услуги;автомобильные грузоперевозки,73952486008,65
ресторан,73812341141,190
автоаксессуары;магазин автозапчастей и автотоваров,73912406340,6
строительное оборудование и техника;складское оборудование;электротехническая продукция;лестницы и лестничные ограждения;металлообработка,73912406340,275
канцтовары оптом,74832583594,32
"автосалон;автосервис, автотехцентр;автомойка",73462228180,262
"бар, паб",73427395457,109
курсы и мастер-классы;центр повышения квалификации;дополнительное образование;ассоциации и промышленные союзы,79193363254,5
обучение мастеров для салонов красоты;курсы и мастер-классы;дополнительное образование,79193363254,5
курсы и мастер-классы;центр повышения квалификации;спортивное объединение,79193363254,5
"скорая медицинская помощь;медцентр, клиника",78452515151,109
ресторан,78126777888,190
исправительное учреждение;управление исполнения наказаний,73517726834,267
лакокрасочные материалы,79501328980,16
контейнерные перевозки;контейнеры;автомобильные грузоперевозки,79227469200,65
строительный магазин;гипермаркет,74951392526,62
автобусные междугородные перевозки;автобусный парк,79009998737,202
доставка еды и обедов,73912192552,275
кондитерские изделия оптом,79134146232,36
книжный магазин;магазин канцтоваров,74732464394,77
"автосалон;автосервис, автотехцентр;магазин автозапчастей и автотоваров;шиномонтаж;автомойка",73833280032,6
магазин автозапчастей и автотоваров;производство и оптовая продажа автозапчастей;автосервисное и гаражное оборудование,78432049290,144
"медцентр, клиника",79063546479,109
мебельная фурнитура и комплектующие,74732610622,157
мебельная фурнитура и комплектующие;магазин сантехники;мебель для кухни;магазин хозтоваров и бытовой химии;строительный магазин,74732610622,62
"автовокзал, автостанция",74739143355,96
кафе,74732418800,113
страховой брокер,79194907040,165
пенсионный фонд,78202512637,62
служба газового хозяйства,74724822711,257
аварийная служба;теплоснабжение,73513642906,92
денежные переводы,78312780230,47
банк,78312780230,160
администрация,73952520399,275
"детская поликлиника;больница для взрослых;детская больница;специализированная больница;медцентр, клиника",73515240160,109
ресторан;кафе;пиццерия,74712304004,190
"магазин автозапчастей и автотоваров;автосервис, автотехцентр;автосалон;смазочные материалы",73467333333,6
мфц,74735331116,0
телекоммуникационная компания;интернет-провайдер;кабельное телевидение,78312151515,120
поликлиника для взрослых,78182235641,79
управляющая компания,73424233630,17
отделение полиции,79507771414,92
госавтоинспекция;мрэо,73427831678,159
отделение полиции,73427831678,92
магазин автозапчастей и автотоваров,79045302040,6
"автосервис, автотехцентр;авторазбор;автотехпомощь, эвакуация автомобилей;магазин автозапчастей и автотоваров",78152435543,6
"ресторан;бар, паб",73952777800,190
магазин автозапчастей и автотоваров;производство и оптовая продажа автозапчастей;интернет-магазин,73432723011,6
магазин электроники;ноутбуки и планшеты;компьютерный магазин;магазин бытовой техники;интернет-магазин,73512393933,6
продажа и аренда коммерческой недвижимости,73512393933,4
служба газового хозяйства,73832419827,257
редакция сми,73912266622,255
агентство недвижимости,79522518555,54
ветеринарная клиника;зоомагазин;ветеринарная аптека,73843725000,139
"медцентр, клиника;больница для взрослых;специализированная больница;поликлиника для взрослых;детская больница;детская поликлиника",73514432131,79
диспансер,73952242861,108
поликлиника для взрослых;детская поликлиника,73425653620,79
коммунальная служба,74873160410,278
комиссионный магазин,79248239777,27
наркологическая клиника;психотерапевтическая помощь,78127027072,223
"наркологическая клиника;медцентр, клиника;диагностический центр;психотерапевтическая помощь",78127027072,109
кафе,79087019289,113
почтовое отделение,74724120555,71
"автосервис, автотехцентр;автоакустика;шиномонтаж",79138071070,262
"бетон, бетонные изделия;аренда строительной и спецтехники;производственное предприятие",73422710408,2
фасады и фасадные системы;кровля и кровельные материалы;стройматериалы оптом,79135345510,279
магазин подарков и сувениров;доставка цветов и букетов;интернет-магазин,73952954952,6
бизнес-центр;продажа и аренда коммерческой недвижимости,73912593333,4
металлургическое предприятие;металлоизделия;цветные металлы;ювелирные изделия оптом,73912593333,5
ювелирные изделия оптом;металлургическое предприятие,73912593333,43
отделение полиции,74734241202,92
госавтоинспекция,74734241202,159
такси,73912001055,160
такси,79040157969,160
электро- и бензоинструмент;садовый инвентарь и техника;интернет-магазин,78123134400,6
электро- и бензоинструмент;садовый инвентарь и техника;строительный инструмент;сварочное оборудование и материалы,78123134400,72
электро- и бензоинструмент;садовый инвентарь и техника;сварочное оборудование и материалы;строительный инструмент,78123134400,72
салон красоты,74742228644,122
"медцентр, клиника",78172506026,109
металлические заборы и ограждения;металлопрокат,74733003636,3
почтовое отделение,73812323564,71
пенсионный фонд,74742220308,62
поликлиника для взрослых,74732777906,79
утилизация отходов,79139489308,28
салон красоты,73512562312,122
салон красоты;парикмахерская;ногтевая студия;косметология;спа-салон,73812429797,47
детская поликлиника,78452495877,160
банк,73912121243,160
банкомат,73912121243,70
денежные переводы,73912121243,47
лизинговая компания,73952486326,166
почтовое отделение;железнодорожные и авиабилеты,74742480168,8
строительная компания,74862544956,15
"автовокзал, автостанция;автобусные билеты",73454260108,96
средства гигиены;магазин посуды;магазин хозтоваров и бытовой химии;магазин парфюмерии и косметики,78002009002,80
магазин хозтоваров и бытовой химии;средства гигиены;магазин посуды;магазин парфюмерии и косметики,78002009002,80
магазин парфюмерии и косметики;товары для дома;магазин хозтоваров и бытовой химии,78002009002,80
супермаркет,78002009002,3
светодиодные системы,79048985280,95
gps-навигаторы;системы безопасности и охраны;сетевое оборудование;салон связи,79110900304,28
аптека,73912533071,187
садовый центр,79519066534,69
"автосервис, автотехцентр;ремонт двигателей;шиномонтаж",79511713733,262
пункт выдачи,79000669696,15
"медцентр, клиника;стоматологическая клиника;диагностический центр;гинекологическая клиника",73422390809,109
"медцентр, клиника;косметология",73422390809,109
интернет-провайдер;телекоммуникационная компания;устройство сетей;городская телефонная сеть;ip-телефония,74996433333,284
поликлиника для взрослых,74822425233,79
детский магазин,74232209603,89
швейная фабрика;спецодежда;средства индивидуальной защиты,73512401312,47
такси;заказ автомобилей;автомобильные грузоперевозки,74832444444,65
управляющая компания,78632923958,17
кадастровые работы,78155574324,158
"автоклуб;автотехпомощь, эвакуация автомобилей",74957470022,6
"специализированная больница;больница для взрослых;поликлиника для взрослых;медцентр, клиника",73954650623,79
интернет-провайдер,73953535771,20
логопеды;дополнительное образование,79027951303,16
управляющая компания,78182414112,17
налоговая инспекция,73953047047,64
"магазин автозапчастей и автотоваров;автоаксессуары;автокосметика, автохимия;смазочные материалы",73832300087,6
интернет-провайдер;телекоммуникационная компания;горячая линия;кабельное телевидение;хостинг,78005008808,120
охранное предприятие,73512154707,101
автомобильные грузоперевозки,79224288944,65
медицинская лаборатория;диспансер;пластическая хирургия;диагностический центр,78432730626,44
больница для взрослых;травмпункт,74012466989,241
помощь в оформлении виз и загранпаспортов;турагентство,79501010616,82
суши-бар,79036554321,48
микрофинансирование,79216240589,56
"детская больница;больница для взрослых;специализированная больница;медцентр, клиника",73517733855,109
наружная реклама;рекламная продукция;студия графического дизайна,79535830141,181
квесты,73422357820,162
стоматологическая клиника,74712517980,11
такси,74746633555,160
"автосервис, автотехцентр",79042354626,262
городское благоустройство;вывоз мусора и отходов,78332231351,40
магазин автозапчастей и автотоваров,79091118118,6
парикмахерская,73912216230,88
судебные приставы,73912233651,187
такси,78635471010,160
ремонт бытовой техники;ремонт сотовых телефонов;запчасти и аксессуары для бытовой техники;салон связи,73912921422,72
ремонт бытовой техники;ремонт сотовых телефонов;запчасти и аксессуары для бытовой техники,73912921422,72
ремонт бытовой техники,73842330432,72
"пароходство, порт;морские и речные вокзалы;управление и обслуживание водных путей",78182474805,67
поликлиника для взрослых;детская поликлиника,73833430400,79
администрация;управление образованием,73414150193,275
детский сад,73414150193,146
ресторан;кафе;концертный зал,79090499995,190
охранное предприятие,78123184444,101
ритуальные принадлежности,73012469022,55
детский сад,73422746701,146
ветеринарная клиника;зоомагазин;ветеринарная аптека,78332443797,139
"медцентр, клиника;медицинская комиссия;диагностический центр",73422594017,109
коммунальная служба;расчетно-кассовый центр;паспортные и миграционные службы,78332606335,278
магазин автозапчастей и автотоваров;производство и оптовая продажа автозапчастей;смазочные материалы,74012375714,144
"спортивный, тренажерный зал;фитнес-клуб;спортивный клуб, секция",78312818220,88
энергоснабжение,73413053286,41
ипотечное агентство,73462944444,116
"косметология;салон красоты;массажный салон;ногтевая студия;медцентр, клиника;спа-салон",79200323223,109
"фитнес-клуб;спортивный, тренажерный зал",78435261126,88
экспедирование грузов;железнодорожные грузоперевозки;контейнерные перевозки;автомобильные грузоперевозки,78001000313,65
экспедирование грузов;автомобильные грузоперевозки;железнодорожные грузоперевозки;контейнерные перевозки,78001000313,65
диагностический центр;детская поликлиника,74912254187,44
такси,73537252525,160
аренда строительной и спецтехники;автомобильные грузоперевозки,79611115666,65
"аренда строительной и спецтехники;бетон, бетонные изделия;дорожные материалы;нерудные материалы",79611115666,2
нотариусы,73422784141,15
производство и оптовая продажа автозапчастей;магазин автозапчастей и автотоваров;автоаксессуары,78001000060,144
такси,78442452222,160
кинотеатр;развлекательный центр;боулинг-клуб,73812372838,154
"тротуарная плитка;водостоки и водосточные системы;бетон, бетонные изделия;городское благоустройство;изделия из камня",73912888300,66
поликлиника для взрослых;скорая медицинская помощь,73955678254,79
столовая;кафе;магазин кулинарии;кондитерская,79115573950,113
дом отдыха;аквапарк,79236840563,9
системы вентиляции;кондиционеры,79080497474,29
мебель на заказ;магазин мебели;корпусная мебель,79025675420,159
детская поликлиника,78612556949,160
натяжные и подвесные потолки,79205012429,121
парикмахерская;ногтевая студия,74732202001,88
торговый центр,74952582588,196
управляющая компания,74952582588,17
магазин канцтоваров;расходные материалы для оргтехники;магазин хозтоваров и бытовой химии,74952582588,80
гипермаркет,74952582588,18
"медцентр, клиника;наркологическая клиника;психотерапевтическая помощь;психологическая служба;поликлиника для взрослых",79212184087,79
"реабилитационный центр;больница для взрослых;специализированная больница;медцентр, клиника",73812652435,109
телекомпания;рекламное агентство,73466407009,9
интернет-провайдер;телекомпания;рекламное агентство;кабельное телевидение,73466407009,120
телекоммуникационная компания,73466407009,10
страховая компания;страховой брокер;страхование автомобилей,79539674007,1
"автосалон;автосервис, автотехцентр;автосигнализация;шиномонтаж",73822633702,262
микрофинансирование,73412565685,56
родильный дом;диагностический центр;женская консультация,73912624617,44
гостиница,78126128200,159
управляющая компания,78126128200,17
"диагностический центр;медцентр, клиника",74912923992,109
"медцентр, клиника",74912923992,109
ремонт бытовой техники,73517413403,72
"магазин бытовой техники;газовое оборудование;служба газового хозяйства;электронагреватели;системы водоснабжения, отопления, канализации;запчасти и аксессуары для бытовой техники;столярные работы",73912239404,257
служба газового хозяйства,73912239404,257
фейерверки и пиротехника;праздничное агентство,79281387838,165
коммунальная служба;управляющая компания,78314725910,278
аварийная служба,73517350068,92
"автовокзал, автостанция",73832232500,96
автобусные билеты,73832232500,35
кабельное телевидение;интернет-провайдер,73955350555,120
дом инвалидов и престарелых,73517772366,57
поликлиника для взрослых,73519395989,79
защита прав потребителя;органы государственного надзора;санитарно-эпидемиологическая служба,74872223723,13
автостекла,79194304748,8
почтовое отделение;железнодорожные и авиабилеты,73427126288,8
избирательные комиссии и участки,73422967490,10
парикмахерская,79209504949,88
полиграфические услуги;фотоуслуги;копировальный центр,74742727202,165
канцтовары оптом;мебель для офиса;оргтехника;полиграфические услуги,74742727202,32
"медцентр, клиника;больница для взрослых;медицинская комиссия;поликлиника для взрослых;медицинская лаборатория",78632519911,79
торговый центр;магазин хозтоваров и бытовой химии;строительный магазин;товары для дома,73452535858,62
детская поликлиника,74742271335,160
"медицинская комиссия;поликлиника для взрослых;больница для взрослых;детская больница;медцентр, клиника",73832661655,79
"ресторан;бар, паб;ночной клуб",79234641271,190
логистическая компания;курьерские услуги,78422443694,2
"больница для взрослых;травмпункт;детская больница;специализированная больница;медцентр, клиника",73843536127,109
больница для взрослых,73843536127,241
женская консультация;поликлиника для взрослых,73843536127,79
"больница для взрослых;специализированная больница;медцентр, клиника",73843536127,109
"медицинское оборудование, медтехника",73952400960,6
суд,73517354522,210
микрофинансирование,79114332111,56
строительство и ремонт дорог,79509083558,12
нотариусы,74734155060,15
такси;заказ автомобилей,73466232323,160
корпусная мебель;мебель на заказ;мебель для кухни;мебель для офиса,79226949594,88
корпусная мебель;мебель на заказ;мягкая мебель,79226949594,88
энергоснабжение,73815324405,41
стоматологическая клиника,78172759355,11
промышленное оборудование;швейное оборудование;строительное оборудование и техника,79081374522,121
ремонт бытовой техники;утилизация отходов;бытовые услуги;магазин бытовой техники;запчасти и аксессуары для бытовой техники,79025682717,72
"медцентр, клиника",74912400640,109
судебные приставы,74742355135,187
пенсионный фонд,74875343560,62
ветеринарная клиника,78432122510,138
аптека,73422280967,187
расчетно-кассовый центр,73513576494,2
магазин электроники;интернет-магазин,73422718999,6
техникум,73844530495,224
избирательные комиссии и участки,73844530495,10
банк,78123256607,160
"автосервис, автотехцентр;автоаксессуары;магазин автозапчастей и автотоваров;автокосметика, автохимия;автомобильные радиаторы;смазочные материалы;шиномонтаж",79204183020,6
банк;обмен валюты,78633109153,160
парикмахерская,79029202533,88
выкуп автомобилей,79048250578,84
"магазин автозапчастей и автотоваров;автокосметика, автохимия",78212302424,6
магазин автозапчастей и автотоваров,78212302424,6
магазин бытовой техники;ремонт бытовой техники;утилизация отходов,78129253937,72
стоматологическая клиника,73912235899,11
аренда фотостудий;фотоуслуги,79026412785,165
"авторазбор;автотехпомощь, эвакуация автомобилей",74732907975,6
пиццерия;ресторан;доставка еды и обедов,78123356335,190
судебные приставы,73516325380,187
курсы иностранных языков;бюро переводов,79530639900,1
цирк,74872311298,164
пенсионный фонд,73513554003,62
услуги репетиторов,78124491940,25
такси;заказ автомобилей;автомобильные грузоперевозки,79086646406,65
"камины, печи;котлы и котельное оборудование",79501157636,107
"камины, печи",79501157636,107
"поликлиника для взрослых;медцентр, клиника",74742552660,79
парикмахерская;салон красоты;спа-салон,73812672398,122
"медцентр, клиника",73012435828,109
салон красоты,79513193288,122
администрация,73812976521,275
расчетно-кассовый центр,78115332730,2
аптека,73412782575,187
тара и упаковочные материалы;стекольная мастерская;мебель на заказ,73452561000,88
интернет-магазин;корпусная мебель;мебель для кухни;детская мебель;светильники,74955405517,6
"автосервис, автотехцентр;шиномонтаж;автомойка;пункт техосмотра;магазин автозапчастей и автотоваров",79139854299,6
спа-салон;массажный салон,78122421313,20
"медцентр, клиника;медицинская комиссия;безопасность труда",74742230604,109
автосервисное и гаражное оборудование;автоаксессуары;автомоечное оборудование,79103103737,289
ветеринарная клиника,73912181318,138
поликлиника для взрослых;детская поликлиника;женская консультация,73012297620,79
детская поликлиника,73012297620,160
судебные приставы,78336148279,187
магазин цветов,79501435842,2
"медцентр, клиника;больница для взрослых;медицинская лаборатория",73439228171,109
аптека;салон оптики,74862722822,2
поликлиника для взрослых,73522468065,79
"автосервис, автотехцентр",74732288861,262
"автосервис, автотехцентр;автосигнализация;тонирование стекол;автостекла;плёнки архитектурные, декоративные, защитные",74732288861,262
"тонирование стекол;автостекла;автосигнализация;плёнки архитектурные, декоративные, защитные",74732288861,51
"медцентр, клиника",74712742002,109
музей;парк культуры и отдыха,78123725464,23
"автомобильные диски и шины;шиномонтаж;автосервис, автотехцентр",73422882202,262
"фитнес-клуб;спортивный, тренажерный зал;солярий;спортивный клуб, секция;оздоровительный центр",73842342575,88
торговое оборудование;оборудование для ресторанов;пищевое оборудование;промышленное холодильное оборудование,73912191500,66
стоматологическая клиника,74742792979,11
специализированная больница;поликлиника для взрослых;больница для взрослых;детская больница,73452593444,79
металлопрокат;кровля и кровельные материалы,73452522201,1
металлопрокат;кровля и кровельные материалы;трубы и трубопроводная арматура;строительный магазин;стройматериалы оптом,73512004322,62
магазин автозапчастей и автотоваров,73912143304,6
магазин автозапчастей и автотоваров;производство и оптовая продажа автозапчастей,74732756060,144
банк;кредитный брокер;обмен валюты;денежные переводы;инкассация;банкомат,74725312163,160
банк;обмен валюты;денежные переводы,73516020945,160
детская больница,74732653001,186
строительство дачных домов и коттеджей;быстровозводимые здания;строительство бань и саун;строительные конструкции;инжиниринг;строительная компания,73812509090,15
курьерские услуги;автомобильные грузоперевозки;железнодорожные грузоперевозки;грузовые авиаперевозки,73832859888,65
ломбард,79045084900,214
курсы иностранных языков,74956633726,133
больница для взрослых;детская больница,73429731606,241
сельскохозяйственная продукция;оптовая компания;комбикорма и кормовые добавки,73432535436,217
ритуальные принадлежности;ритуальные услуги;памятники и надгробия,79235060011,55
нотариусы,79029580477,15
нотариусы,74732640042,15
такси;автобусные междугородные перевозки;заказ автомобилей;услуги водителя без автомобиля,73432290000,202
расчетно-кассовый центр,73822904300,2
ресторан;кафе,73912403632,190
парикмахерская;салон красоты;ногтевая студия;косметология,79021742599,47
"автосервис, автотехцентр;кузовной ремонт;диагностический центр",79194489635,44
магазин сантехники;трубы и трубопроводная арматура;водонагреватели,74732608099,22
"военная форма, камуфляж",74732608099,189
управление и обслуживание городского транспорта,78312505000,167
изготовление пластиковых карт,78312505000,111
"автосервис, автотехцентр;автомойка;пункт техосмотра;автомобильные диски и шины;магазин автозапчастей и автотоваров;автоаксессуары;шиномонтаж;аккумуляторы и зарядные устройства;автосигнализация;автоакустика;страхование автомобилей;автокосметика, автохимия",78142771544,6
кафе,78142771544,113
детский магазин;магазин детской одежды;детские игрушки и игры,73833629422,89
банк,73512569630,160
автосалон,73842680680,97
рекламное агентство,79519520960,9
спортивно-развлекательный центр;развлекательный центр;фитнес-клуб,79314015858,160
остекление балконов и лоджий;строительные и отделочные работы;натяжные и подвесные потолки;сантехнические работы,79537500001,15
торговый центр,73952240600,196
страховая компания;страхование автомобилей,73412655053,1
страховая компания,73845293353,1
"министерства, ведомства, государственные службы",74732210847,16
судебные приставы,74732210847,187
магазин электроники;магазин бытовой техники;веломагазин,74912504555,101
ремонт сотовых телефонов;ремонт планшетов и ноутбуков;компьютерный ремонт и услуги,73512202148,79
спортивный магазин;спортивный инвентарь и оборудование;веломагазин,79123101213,122
строительство дачных домов и коттеджей;городское благоустройство;архитектурное бюро,79199477201,157
натяжные и подвесные потолки,79038692212,121
"отопительное оборудование и системы;сантехника оптом;магазин сантехники;системы водоснабжения, отопления, канализации",79102914747,194
охранное предприятие;системы безопасности и охраны;спецодежда,73842312842,101
почтовое отделение,74922546974,71
аварийная служба,74714222059,92
спутниковое телевидение;антенны;ремонт аудиотехники и видеотехники;телекоммуникационное оборудование;кабельное телевидение,73952798837,120
компьютерные аксессуары;товары для мобильных телефонов;вейп шоп,79514818970,38
парикмахерская;салон красоты;массажный салон;ногтевая студия;солярий,78332788963,20
"медцентр, клиника;диагностический центр",73812210307,109
ремонт сотовых телефонов;ремонт бытовой техники;ремонт аудиотехники и видеотехники,78633100031,72
оператор сотовой связи;салон связи,79058705551,5
управляющая компания,79058705551,17
коммунальная служба,73012211049,278
парикмахерская,79049998136,88
доставка еды и обедов,79505807999,275
дополнительное образование;музыкальное образование,73513936567,34
"автосервис, автотехцентр;шиномонтаж;автоэмали, автомобильные краски;смазочные материалы;магазин автозапчастей и автотоваров",79052030077,6
детская скорая помощь,78123005122,2
антенны;системы безопасности и охраны;автоматические двери и ворота;домофоны;кондиционеры,79081872577,122
кафе;быстрое питание,79062167567,48
рекламное агентство,73952481412,9
ломбард,79004975747,214
"медцентр, клиника;стоматологическая клиника;массажный салон",73427532636,109
детский магазин;детские товары оптом,79287770903,89
такси,73913824747,160
агентство недвижимости;продажа и аренда коммерческой недвижимости,79515763330,4
магазин подарков и сувениров;пункт выдачи;интернет-магазин,79089586600,6
интернет-провайдер,79081111502,20
"авторазбор;автотехпомощь, эвакуация автомобилей;выкуп автомобилей",79081445933,6
энергоснабжение,74813534748,41
магазин автозапчастей и автотоваров;производство и оптовая продажа автозапчастей;автомобильные диски и шины;автостекла;автоаксессуары,74956450490,144
телекоммуникационная компания;интернет-провайдер,73435379379,20
"медцентр, клиника;салон красоты;косметология",74712446025,109
поликлиника для взрослых,78342561907,79
такси,73537677777,160
служба газового хозяйства,78342246090,257
энергоснабжение,73413052795,41
"автосервис, автотехцентр;шиномонтаж;автосигнализация;автокосметика, автохимия;автоакустика;смазочные материалы;магазин автозапчастей и автотоваров",73912669899,6
"автосалон;автосервис, автотехцентр;пункт техосмотра;автомойка;шиномонтаж;магазин автозапчастей и автотоваров",73912669899,6
социальная служба,78332679510,2
магазин автозапчастей и автотоваров;смазочные материалы,78332377000,6
кафе;ресторан;суши-бар;быстрое питание;доставка еды и обедов,79535355445,190
"автосалон;автосервис, автотехцентр;магазин автозапчастей и автотоваров;смазочные материалы;шиномонтаж;пункт техосмотра",73952422555,6
агентство недвижимости;продажа и аренда коммерческой недвижимости;управление недвижимостью;специализированные строительные работы;промышленное строительство,73422571800,4
"насосы, насосное оборудование;промышленное оборудование;подъемное оборудование;электродвигатели;системы вентиляции",73512105633,119
системы вентиляции;кондиционеры,78632119396,29
суши-бар,79207402233,48
юридические услуги;оценочная компания,79115010712,62
"женская консультация;поликлиника для взрослых;больница для взрослых;специализированная больница;детская поликлиника;школа для будущих мам;медцентр, клиника;родильный дом",73842390055,79
товары для охоты;оружие и средства самозащиты;товары для рыбалки;товары для отдыха и туризма,73912363578,158
"медцентр, клиника;диагностический центр",78122727024,109
доставка еды и обедов,73422701032,275
сауна,73425372924,59
стоматологическая поликлиника,78612686820,33
сауна,79515964284,59
ломбард,74732355780,214
ювелирный магазин,74732355780,287
стоматологическая клиника;стоматологические материалы и оборудование,73515149095,11
избирательные комиссии и участки,73515149095,10
такси;автомобильные грузоперевозки,78202555352,65
"автосервис, автотехцентр;магазин автозапчастей и автотоваров;шиномонтаж;автомойка;автомобильные диски и шины",79126500960,6
экспедирование грузов;автомобильные грузоперевозки;грузовые авиаперевозки,78152550550,65
поликлиника для взрослых,78125202422,79
библиотека,73952449801,74
информационный интернет-сайт,73952500844,33
"оздоровительный центр;медцентр, клиника;спа-салон;диагностический центр;женская консультация",74752711487,109
реабилитационный центр;социальная служба,79514626291,159
"изготовление и монтаж зеркал;стекольная мастерская;стекло, стекольная продукция",79042707112,85
рекламная продукция;редакция сми;рекламное агентство,74739143166,9
телекоммуникационное оборудование;производственное предприятие;радиотелефонная и радиотехника,78123284550,2
телекоммуникационное оборудование;телекомпания;сетевое оборудование;радиотелефонная и радиотехника;электротехническая продукция;электронные приборы и компоненты;нии;радиокомпания,78123284550,118
"автосалон;автосервис, автотехцентр;магазин автозапчастей и автотоваров;смазочные материалы;пункт техосмотра;шиномонтаж",73952422555,6
аптека,73812575182,187
автосалон;пункт техосмотра;авторынок,78123255252,97
товары для здоровья;средства гигиены;магазин парфюмерии и косметики,79617327786,149
аптека,78632272054,187
такси;услуги водителя без автомобиля;автоматизация производств;автомобильные грузоперевозки;программное обеспечение,74742281010,65
такси;переезды,74742281010,15
такси,74742281010,160
товары для мобильных телефонов,79281346937,38
"вездеходы, гидроциклы, снегоходы;катера, лодки, яхты;мотосалон",78124491430,110
распространители косметики и бытовой химии,79028067163,158
медицинская лаборатория;поликлиника для взрослых;детская поликлиника,78332410303,79
"медцентр, клиника;диагностический центр;медицинская комиссия;медицинская лаборатория",78332410303,109
"магазин автозапчастей и автотоваров;автоаксессуары;автокосметика, автохимия;интернет-магазин",73812488666,6
детская поликлиника,73952322169,160
коммунальная служба,73412516131,278
гражданская оборона;служба спасения,74872472037,66
аварийная служба,74872472037,92
управляющая компания,79612612251,17
оптовая компания,79612612251,217
"автотранспортное предприятие, автобаза",79612612251,123
страховая компания;страхование автомобилей,73422579395,1
"министерства, ведомства, государственные службы",78162700116,16
ветеринарная клиника;ветеринарная лаборатория;ветеринарная аптека,78142639365,144
агентство недвижимости;продажа и аренда коммерческой недвижимости;продажа земельных участков,79087854444,4
молочный магазин,79503849059,67
магазин автозапчастей и автотоваров,79217161020,6
авторазбор;магазин автозапчастей и автотоваров,79217161020,6
доставка еды и обедов,78172704545,275
парикмахерская,78126484823,88
оборудование для ресторанов;корпусная мебель;магазин мебели;лестницы и лестничные ограждения;мебель на заказ,79136300660,159
коммунальная служба,74742224987,278
агентство недвижимости,79016409613,54
автобусные междугородные перевозки,78127403985,202
аптека,78362304325,187
салон красоты;солярий,74232631192,113
агентство недвижимости;продажа и аренда коммерческой недвижимости;управление недвижимостью;промышленное строительство;специализированные строительные работы,73422571800,4
торговый центр,73422571800,196
каток,73422571800,8
отделение полиции,79516283283,92
аренда строительной и спецтехники;автомобильные грузоперевозки,79028930895,65
отделение полиции,73847521455,92
аптека,73912902450,187
магазин суши и азиатских продуктов;ресторан;кафе;суши-бар,73432530707,190
салон красоты,73467252237,122
"тенты, шатры, навесы;автоателье;металлоконструкции",79046909976,275
салон связи,78007000611,5
телекоммуникационная компания;оператор сотовой связи;интернет-провайдер;кабельное телевидение;салон связи,78007000611,120
салон связи;оператор сотовой связи;интернет-магазин,78007000611,6
"медцентр, клиника;медицинская помощь на дому;медицинская лаборатория",78202553773,109
"аптека;медицинское оборудование, медтехника",78202553773,6
"спортивно-развлекательный центр;спортивный клуб, секция",73422042304,5
"спортивно-развлекательный центр;праздничное агентство;игровой клуб;спортивный клуб, секция",73422042304,165
магазин автозапчастей и автотоваров;автоаксессуары;интернет-магазин;автомобильные диски и шины;автоакустика,73832559212,6
доставка воды,73952737948,246
азс,73912650448,0
смазочные материалы,73912650448,29
энергоснабжение,73915558001,41
супермаркет,78123806131,3
гипермаркет,78123806131,18
управляющая компания,78123806131,17
мрэо;госавтоинспекция,73454723346,159
отделение полиции,73454723346,92
агентство недвижимости;продажа земельных участков,73912460663,54
аптека;магазин парфюмерии и косметики,73466723034,149
аварийная служба,78184225201,92
"автосервис, автотехцентр;производство и оптовая продажа автозапчастей;автоаксессуары;автотехпомощь, эвакуация автомобилей;пункт техосмотра",73842657070,144
такси,74912355555,160
поликлиника для взрослых,78422389874,79
жалюзи и рулонные шторы;москитные сетки;рольставни,78123135155,9
"автосервис, автотехцентр;автомойка;шиномонтаж",79627346737,262
"водоканал, водное хозяйство;монтаж и обслуживание систем водоснабжения и канализации;тсж",78412325540,62
магазин кожи и меха,79212973434,85
магазин автозапчастей и автотоваров;автоаксессуары,74862720968,6
"автоматические двери и ворота;окна;алюминий, алюминиевые конструкции;рольставни",79036500405,179
курьерские услуги;автомобильные грузоперевозки;железнодорожные грузоперевозки;грузовые авиаперевозки,78312333520,65
спа-салон;салон красоты;массажный салон,79532694488,20
пивоваренный завод,74922372216,55
такси,78332447710,160
косметология;салон красоты;спа-салон,74732477070,47
"автосервис, автотехцентр;магазин автозапчастей и автотоваров;производство и оптовая продажа автозапчастей",79646526804,144
детская поликлиника,78632520062,160
"автосалон;автосервис, автотехцентр",78124101000,262
"автосервис, автотехцентр;автосалон;шиномонтаж;выкуп автомобилей;магазин автозапчастей и автотоваров",78124101000,6
такси,79531934545,160
коммунальная служба,78639124855,278
гостиница,73012660093,159
распространители косметики и бытовой химии,79039854542,158
курьерские услуги,78216720606,2
ремонт сотовых телефонов;ремонт планшетов и ноутбуков,79139702309,79
диспансер;специализированная больница,78432958965,40
коммунальная служба,78182645463,278
"магазин автозапчастей и автотоваров;автосервис, автотехцентр;автосалон;автоаксессуары;выкуп автомобилей",73412614614,6
магазин автозапчастей и автотоваров;производство и оптовая продажа автозапчастей;автоаксессуары,73412614614,144
"автосалон;автосервис, автотехцентр;автоаксессуары;пункт техосмотра;кузовной ремонт",73412614614,262
страховая компания;страхование автомобилей,73412614614,1
мрэо;госавтоинспекция,74822580400,159
мрэо,74822580400,0
госавтоинспекция,74822580400,159
корпусная мебель;магазин мебели;мягкая мебель,79297982100,159
производство и оптовая продажа автозапчастей,79048062222,144
гостиница;сауна,73852490649,159
тсж,79026029089,0
"гинекологическая клиника;диагностический центр;медцентр, клиника;урологический центр",74732070548,109
металлопрокат;металлоизделия;металлообработка;строительная арматура,73952799555,5
жби;спецтехника и спецавтомобили,79514729195,70
"автосервис, автотехцентр;переоборудование транспортных средств;пункт техосмотра",74752493040,262
"магазин автозапчастей и автотоваров;смазочные материалы;автокосметика, автохимия",74752493040,6
"магазин автозапчастей и автотоваров;автоаксессуары;автокосметика, автохимия",78442266775,6
мягкая мебель;магазин мебели;реставрационная мастерская;корпусная мебель;мебель для офиса,79638799967,159
"автосервис, автотехцентр;авторазбор;тонирование стекол;шиномонтаж",79211239296,262
"автосервис, автотехцентр",79211239296,262
магазин автозапчастей и автотоваров,74742431760,6
расчетно-кассовый центр,73846421175,2
ветеринарная клиника;зоомагазин,73912941321,139
пиццерия,79207702525,93
бти;кадастровые работы,74015232706,158
развлекательный центр;организация и проведение детских праздников;парк аттракционов,73812297888,154
"медцентр, клиника;стоматологическая клиника;бассейн;массажный салон;оздоровительный центр",79537677916,109
"автосигнализация;автоаксессуары;тонирование стекол;автоакустика;автосервис, автотехцентр",73422887886,262
автосигнализация;автоаксессуары;автоакустика,73422887886,51
вневедомственная охрана,73919758888,64
микрофинансирование,79116562236,56
лакокрасочные материалы;декоративные покрытия;товары для бани и сауны,78212201819,16
"медицинское оборудование, медтехника",78632432683,6
"автовокзал, автостанция",78136822722,96
детская поликлиника,73845249796,160
"шиномонтаж;автомобильные диски и шины;автосервис, автотехцентр",79082681508,262
тсж,79128858835,0
такси;автомобильные грузоперевозки;услуги водителя без автомобиля,79254945656,65
такси;услуги водителя без автомобиля;автомобильные грузоперевозки,79254945656,65
"диагностический центр;медцентр, клиника;медицинская комиссия",73822229526,109
фонд социального страхования,78123137650,45
страховая компания;страхование автомобилей,73842452922,1
энергоснабжение,74812687433,41
баня;сауна,78432975151,59
микрофинансирование,79124488990,56
мрэо,74752518481,0
поликлиника для взрослых,78202200419,79
прокат автомобилей,79214700953,70
банк,78632618608,160
кафе;столовая;быстрое питание,79049422577,48
общественная организация,79246338899,95
страховая компания,74734522678,1
коммунальная служба,78332410496,278
религиозное объединение,73843783556,277
магазин одежды;магазин верхней одежды;магазин обуви;магазин галантереи и аксессуаров;магазин детской одежды,73512420014,163
магазин одежды;магазин верхней одежды;магазин галантереи и аксессуаров;магазин обуви;магазин детской одежды,73512420014,163
магазин одежды;магазин верхней одежды,73512420014,163
органы государственного надзора,78315922901,135
налоговая инспекция,78315922901,64
детский магазин;автокресла;детские игрушки и игры;спортивный инвентарь и оборудование;веломагазин;магазин для будущих мам,78212203941,89
"магазин автозапчастей и автотоваров;автосервис, автотехцентр;ремонт электрооборудования",74012733833,6
кондитерские изделия оптом;кондитерская,79080942888,36
стоматологическая клиника,73517252683,11
фитнес-клуб,79292375694,160
банкетный зал;кафе;музыкальный клуб;ночной клуб;клуб досуга,79042195423,113
детская больница,78352231110,186
строительная компания,79185410498,15
"медцентр, клиника;массажный салон;медицинские изделия и расходные материалы;магазин медицинских товаров;диагностический центр",73912785685,109
ремонт сотовых телефонов;ремонт планшетов и ноутбуков;компьютерный магазин;компьютеры и комплектующие оптом;салон связи,74742232840,79
"автосервис, автотехцентр;автотехпомощь, эвакуация автомобилей",79045969106,262
товары для творчества и рукоделия,79507379209,111
турагентство;автобусные билеты;автобусные междугородные перевозки,79518797228,202
"медцентр, клиника;реабилитационный центр;массажный салон",73462933933,109
парикмахерская,78152472525,88
медико-социальная экспертиза,74732679426,39
"стройматериалы оптом;бетон, бетонные изделия;облицовочные материалы",79532882099,279
агентство недвижимости;юридические услуги;ипотечное агентство,79525174664,116
парикмахерская,73912405390,88
машиностроительный завод,74232513711,84
"зоосалон, зоопарикмахерская;товары для животных оптом",79028894742,91
"зоосалон, зоопарикмахерская",79028894742,91
теплоизоляционные материалы;огнеупоры;рукава и шланги;резиновые и резинотехнические изделия;изоляционные материалы,79223431539,143
производство и продажа тканей;спецодежда;магазин постельных принадлежностей,73517743405,11
магазин постельных принадлежностей,73517743405,2
оздоровительный центр;салон красоты;косметология;спа-салон;психологическая служба;магазин парфюмерии и косметики,79188774369,47
авторазбор;автосалон,79225173571,97
коммунальная служба;аварийная служба,73466413310,278
аварийная служба,73466413310,92
зоопарк,73952664639,268
экологическая организация;парк культуры и отдыха;экскурсии;садовый центр,73952664639,69
салон красоты;парикмахерская;солярий,78152524909,113
"поликлиника для взрослых;больница для взрослых;медцентр, клиника",78634382670,79
"системы водоснабжения, отопления, канализации;монтаж и обслуживание систем водоснабжения и канализации;водосчётчики, газосчётчики, теплосчётчики",78442979229,194
микрофинансирование,79172223875,56
приём вторсырья;утилизация отходов,73912140279,28
стоматологическая клиника,78124519460,11
баня,73842642882,2
фитнес-клуб;спа-салон,73519200800,160
"фитнес-клуб;бассейн;спортивный клуб, секция;спа-салон",73519200800,160
городское благоустройство;тротуарная плитка,74832527547,35
почтовое отделение;железнодорожные и авиабилеты,74812270301,8
стоматологическая поликлиника,78632698836,33
микрофинансирование,79110663080,56
платёжный терминал,78435114115,55
инфокиоск,78435114115,47
"такси;автотехпомощь, эвакуация автомобилей;автомобильные грузоперевозки",73952666566,65
"салон красоты;ногтевая студия;визажисты, стилисты",79234579154,160
православный храм,78362581919,92
"автосервис, автотехцентр",79024781486,262
центр профилактики спида,74242722109,3
"медицинская лаборатория;медцентр, клиника;диагностический центр",73012441520,109
медицинская лаборатория;диагностический центр,73012441520,44
"магазин автозапчастей и автотоваров;автосервис, автотехцентр",79131509403,6
строительный магазин;металлоизделия;товары для дома;стройматериалы оптом;двери,73425435907,62
автосалон;выкуп автомобилей,79523338585,97
охранное предприятие;системы безопасности и охраны,78432382412,101
магазин канцтоваров;компьютерный ремонт и услуги;оргтехника,79236306707,72
антенны,79236306707,122
ремонт электрооборудования,73519404412,14
такси;услуги водителя без автомобиля,73833333222,113
такси;услуги грузчиков;автомобильные грузоперевозки;услуги водителя без автомобиля,73847151500,65
судебные приставы;суд,78432213807,187
судебные приставы,78432213807,187
комиссионный магазин,79092233396,27
гинекологическая клиника,79882450663,62
коммунальная служба,73462527800,278
поликлиника для взрослых;больница для взрослых,78313367102,79
ногтевая студия,79056720256,88
заказ автомобилей,79025000300,3
парикмахерская,79045708944,88
автосалон;страхование автомобилей;автоломбард,79508111811,124
авторазбор;магазин автозапчастей и автотоваров,73833107501,6
почтовое отделение,78422362041,71
страховая компания;страхование автомобилей,74732502050,1
баня;сауна,73412453649,59
мрэо;госавтоинспекция,78125450344,159
ремонт бытовой техники;ремонт сотовых телефонов;ремонт планшетов и ноутбуков;магазин бытовой техники,79081966464,72
автомойка,79815535553,93
социальная служба,73422410062,2
"учебный центр;аэроклуб;спортивный клуб, секция;спортивное объединение",73952650868,5
"автосалон;автосервис, автотехцентр;пункт техосмотра;шиномонтаж;страхование автомобилей;кузовной ремонт;магазин автозапчастей и автотоваров",78127777002,6
"автосалон;автосервис, автотехцентр;магазин автозапчастей и автотоваров;производство и оптовая продажа автозапчастей;пункт техосмотра;автомойка;выкуп автомобилей;шиномонтаж;ремонт акпп",78127777002,144
страховая компания,78125760795,1
мфц,78125760795,0
it-компания;хостинг;программное обеспечение,73422204934,132
охранное предприятие,73422155343,101
двери;окна;натяжные и подвесные потолки,79204486341,120
строительный магазин;стройматериалы оптом,79204486341,62
судебные приставы,73843450498,187
поликлиника для взрослых,73812712092,79
металлопрокат;черная металлургия,74742283776,1
салон красоты,79500891738,122
салон красоты;парикмахерская;спа-салон,73952656123,122
пищевое сырьё,74742555658,73
страховая компания;страхование автомобилей,74957251010,1
"водоканал, водное хозяйство",73426143930,62
управление исполнения наказаний,73952200098,267
курьерские услуги;автомобильные грузоперевозки,74722312621,65
"окна;алюминий, алюминиевые конструкции;комплектующие для окон",73512220410,177
"автосалон;автосервис, автотехцентр;пункт техосмотра;автомойка",78552475888,262
автосалон,78552475888,97
"медцентр, клиника",74872704807,109
микрофинансирование,79000518102,56
госавтоинспекция,73815521775,159
отделение полиции,73815521775,92
"фитнес-клуб;спортивный клуб, секция",73432876600,160
"фитнес-клуб;спортивный, тренажерный зал;центр йоги",73432876600,88
женская консультация,73512569481,13
"автосалон;автосервис, автотехцентр;пункт техосмотра",78123261818,262
фармацевтическая компания,78123854787,138
детская поликлиника,78184582132,160
кованые изделия,79028378108,107
магазин автозапчастей и автотоваров,73422078764,6
магазин автозапчастей и автотоваров,79080537091,6
турагентство;помощь в оформлении виз и загранпаспортов;железнодорожные и авиабилеты,79026949181,8
аренда строительной и спецтехники;магазин автозапчастей и автотоваров;нерудные материалы;автомобильные грузоперевозки,73952982262,6
магазин обоев,73912003047,92
рекламное агентство;студия веб-дизайна;интернет-маркетинг,79525582628,70
бухгалтерские услуги;кадровое агентство;юридические услуги,79192313167,62
салон красоты;массажный салон;ногтевая студия;спа-салон;солярий,73517749292,20
такси;заказ автомобилей,73919228222,160
страховая компания;страхование автомобилей,73912003261,1
почтовое отделение,73843534123,71
телекоммуникационная компания;ip-телефония;программное обеспечение,78442965050,284
магазин автозапчастей и автотоваров,73452568888,6
стоматологическая поликлиника,78127457694,33
коммунальная служба,78312519700,278
паспортные и миграционные службы,73833320854,122
"такси;заказ автомобилей;автотехпомощь, эвакуация автомобилей;автомобильные грузоперевозки",78212777777,65
строительство дачных домов и коттеджей;строительные и отделочные работы,79511113000,15
оружие и средства самозащиты;товары для охоты,73512510057,22
товары для охоты;товары для рыбалки,73512510057,13
судебные приставы,74823223909,187
баня,73812598855,2
"спортивная школа;спортивный клуб, секция;теннисный клуб",79025114551,14
"теннисный клуб;спортивная школа;спортивный клуб, секция",79025114551,14
теннисный клуб;спортивная школа,79025114551,14
страховая компания,73012442540,1
продукты глубокой заморозки;производство продуктов питания;мясная продукция оптом,73833636166,17
наружная реклама;рекламное агентство;рекламная продукция,78634312431,9
органы государственного надзора,78127473785,135
такси,78184270701,160
"скорая медицинская помощь;медцентр, клиника",73515244018,109
"интернет-магазин;магазин для будущих мам;медицинское оборудование, медтехника;ортопедический салон;массажное оборудование",79227509099,6
магазин автозапчастей и автотоваров,79036583003,6
детская больница;детская поликлиника,73912463993,160
социальная служба;администрация,73512618624,275
производство продуктов питания;мука и крупы;хлебозавод;пищевое сырьё;мясная продукция оптом;комбикорма и кормовые добавки,73517421660,6
такси,78622444444,160
магазин суши и азиатских продуктов;быстрое питание;суши-бар,73952487387,48
энергоснабжение,73436852704,41
коммунальная служба,78182230050,278
энергоснабжение;обслуживание электросетей,73422434242,41
управляющая компания,78124380838,17
спортивный магазин,78124380838,122
парикмахерская,73012449147,88
такси,73833222202,160
"бар, паб",79065807551,109
страховая компания,79029828992,1
почтовое отделение,74732462156,71
почтовое отделение,73952367986,71
"медцентр, клиника;медицинская лаборатория;урологический центр",73422554137,109
магазин автозапчастей и автотоваров,79609346191,6
поликлиника для взрослых,78435248536,79
скорая медицинская помощь,73455724155,6
поликлиника для взрослых,73455724155,79
спортивный магазин;спортивная одежда и обувь;магазин верхней одежды;магазин одежды;товары для отдыха и туризма;магазин детской одежды;магазин детской обуви,73842345252,122
фотоуслуги;широкоформатная печать;полиграфические услуги,74952344886,3
фотоуслуги;полиграфические услуги;багетная мастерская;широкоформатная печать,74952344886,3
такси,73499761313,160
поликлиника для взрослых;женская консультация,74872353626,79
развлекательный центр;кинотеатр;боулинг-клуб;бильярдный клуб;банкетный зал,73822555523,3
пиццерия;ресторан,78126004004,190
ресторан;пиццерия,78126004004,190
православный храм,74732369084,92
полиграфические услуги;наружная реклама;копировальный центр;изготовление вывесок,79514408731,181
кассовые аппараты и расходные материалы;весы и весоизмерительное оборудование,79537065328,49
поликлиника для взрослых,78123140577,79
"поликлиника для взрослых;медцентр, клиника",78123140577,79
энергоснабжение,74712390301,41
телекоммуникационная компания;интернет-провайдер,73832383000,20
банк,73424997255,160
общеобразовательная школа,78162684496,36
"спортивная школа;спортивный клуб, секция;дополнительное образование",79026363150,14
магазин суши и азиатских продуктов,79509116891,274
"наркологическая клиника;психотерапевтическая помощь;психологическая служба;медцентр, клиника",73952340226,109
ритуальные услуги,73845623934,11
детская больница;специализированная больница,78125739411,40
суд,73912681757,210
стоматологическая поликлиника,73462351808,33
караоке-клуб;кафе,79511893536,113
такси,73454522444,160
аварийная служба,73467620140,92
"автотехпомощь, эвакуация автомобилей;авторазбор;заказ автомобилей",79021902266,3
зоомагазин;ветеринарная аптека,78442504004,139
ветеринарная клиника;ветеринарная аптека,78442504004,144
ветеринарная аптека;зоомагазин,78442504004,139
ветеринарная аптека,78442504004,144
"ветеринарная клиника;зоосалон, зоопарикмахерская;ветеринарная аптека",78442504004,91
логистическая компания;автомобильные грузоперевозки;экспедирование грузов,73455169196,65
агентство недвижимости;строительная компания,74912953953,54
автосалон;выкуп автомобилей,78312331111,97
"автосервис, автотехцентр;автомойка;шиномонтаж",78312331111,262
комплектующие для окон,79080407117,177
театр;творческий коллектив;концертные и театральные агентства,78314340424,12
православный храм,74732744538,92
стоматологическая клиника,73513669750,11
"медцентр, клиника",74872499777,109
банк,78634601164,160
диспансер,74732633571,108
"медцентр, клиника;диагностический центр;родильный дом",74955441060,109
банк;обмен валюты,73432720331,160
адвокаты;юридические услуги,79526163678,92
стоматологическая клиника,73955526050,11
"водоканал, водное хозяйство",73532370000,62
дополнительное образование;центр повышения квалификации;курсы и мастер-классы,73412379976,5
доставка еды и обедов;пиццерия;столовая,74752712009,275
"диагностический центр;медцентр, клиника",78142595050,109
"медцентр, клиника;диагностический центр",78142595050,109
спортивный комплекс,78314497799,128
избирательные комиссии и участки,78314497799,10
магазин электроники;ноутбуки и планшеты;компьютерный магазин;салон связи,79087765356,161
детская поликлиника,73912121157,160
ремонт бытовой техники;кондиционеры;установка кондиционеров,79080675477,72
банк,78182657745,160
пиццерия,74912998708,93
теплоизоляционные материалы;стройматериалы оптом,73846695759,279
супермаркет,78002502522,3
управляющая компания,73812409567,17
детская больница;специализированная больница;детская поликлиника,78422445159,160
"миграционные услуги;администрация;министерства, ведомства, государственные службы",74742432593,3
паспортные и миграционные службы,74742432593,122
строительная компания;управляющая компания;продажа и аренда коммерческой недвижимости;агентство недвижимости;девелопмент недвижимости,78432023334,4
такси;услуги водителя без автомобиля;автомобильные грузоперевозки,73902220000,65
экспедирование грузов,74952408342,18
платёжный терминал,78005552555,55
"строительные и отделочные работы;бетон, бетонные изделия;металлопрокат;кирпич;нерудные материалы",79026508975,15
автоаксессуары;пункт проката,79024759009,289
"автомобильные прицепы;автосервис, автотехцентр;автоаксессуары;шиномонтаж",79024759009,262
маркетинговые услуги,79024759009,32
библиотека,78162775162,74
автобусные междугородные перевозки,79097767171,202
парикмахерская,79193019633,88
"медцентр, клиника;диагностический центр;массажный салон",73912765620,109
агентство недвижимости,79040317499,54
"автосервис, автотехцентр;магазин автозапчастей и автотоваров;автомобильные диски и шины;шиномонтаж",79525833033,6
стоматологическая клиника,79112789672,11
остекление балконов и лоджий;окна;двери,73012555909,120
поликлиника для взрослых,73842774467,79
ремонт измерительных приборов,74742710072,30
"водосчётчики, газосчётчики, теплосчётчики",74742710072,5
кафе;доставка еды и обедов,78214244442,113
аптека,74922471561,187
авторазбор;магазин автозапчастей и автотоваров;выкуп автомобилей,79202972390,6
такси,78435671568,160
"больница для взрослых;специализированная больница;поликлиника для взрослых;медцентр, клиника",78332376002,79
страховая компания;страхование автомобилей,78332376002,1
салон красоты;оборудование и материалы для салонов красоты,79501104111,54
страховая компания,74722424242,1
мфц,74722424242,0
салон красоты;ногтевая студия,74012630303,88
женская консультация,73832767500,13
магазин мебели;мебельная фабрика,79128681230,159
"бронирование гостиниц;гостиница;бар, паб;ресторан;управляющая компания",73433808440,190
доставка еды и обедов;кафе,73912001515,113
быстрое питание;кофейня,73912001515,48
кафе;доставка еды и обедов,73912001515,113
гипермаркет,78442602400,18
аптека,78182238564,187
реабилитационный центр;санаторий;поликлиника для взрослых;ресторан,78212699814,79
отделение полиции,73952238843,92
стоматологическая клиника,79189349749,11
такси,74924442306,160
наружная реклама;широкоформатная печать;рекламная продукция;изготовление и оптовая продажа сувениров;полиграфические услуги,73953452618,3
спутниковое телевидение;антенны;телекоммуникационная компания;телекоммуникационное оборудование,79536140999,10
мягкая мебель;корпусная мебель;магазин мебели,79526500024,159
компьютеры и комплектующие оптом;комиссионный магазин,73422362720,27
"промышленное оборудование;компрессоры и компрессорное оборудование;машиностроительный завод;насосы, насосное оборудование;промышленное строительство",73517299106,14
автошкола,79502768998,81
"магазин сантехники;котлы и котельное оборудование;отопительное оборудование и системы;сухие строительные смеси;крепёжные изделия;системы водоснабжения, отопления, канализации",79514434677,2
паспортные и миграционные службы,73832660110,122
почтовое отделение;железнодорожные и авиабилеты,73956324474,8
суши-бар;доставка еды и обедов;кафе,74872525000,113
пиццерия;кафе;доставка еды и обедов,74872525000,113
суши-бар;кафе;доставка еды и обедов,74872525000,113
"автосервис, автотехцентр;автосалон;пункт техосмотра;автомойка;шиномонтаж;автосигнализация;вездеходы, гидроциклы, снегоходы",78332515551,262
коммунальная служба,73412970114,278
"медцентр, клиника",78202253002,109
доставка воды,78142555111,246
клуб для детей и подростков,79027910910,110
колл-центр,74951331602,23
аутсорсинг,79215638024,17
центр занятости,73955530931,34
"медцентр, клиника",73512379615,109
управляющая компания,73912262220,17
расчетно-кассовый центр,78422463262,2
доставка еды и обедов,73822342000,275
пекарня,79213419720,1
расчетно-кассовый центр,73953423625,2
энергетическая организация,73452680790,2
аэропорт,73842390139,191
"автосервис, автотехцентр",79119296993,262
"автосервис, автотехцентр;пункт техосмотра;шиномонтаж;страхование автомобилей",79119296993,262
"автосервис, автотехцентр;шиномонтаж;пункт техосмотра;магазин автозапчастей и автотоваров;страхование автомобилей",79119296993,6
магазин автозапчастей и автотоваров;производство и оптовая продажа автозапчастей,79025774343,144
суши-бар,79221262696,48
магазин суши и азиатских продуктов;суши-бар,79221262696,48
суши-бар;магазин суши и азиатских продуктов,79221262696,48
редакция сми;рекламное агентство;издательские услуги,79049550529,9
"магазин автозапчастей и автотоваров;автокосметика, автохимия;смазочные материалы;аккумуляторы и зарядные устройства",78362211001,6
"парикмахерская;ногтевая студия;визажисты, стилисты;магазин парфюмерии и косметики",79237691652,160
стоматологическая поликлиника,74735041565,33
аптека,78182255559,187
поликлиника для взрослых;больница для взрослых,74923492835,79
служба газового хозяйства,73512510987,257
детская поликлиника,74752723121,160
почтовое отделение,73912271311,71
"автосервис, автотехцентр",79204041000,262
студия автотюнинга;тонирование стекол;автосигнализация,79204041000,51
такси,73435544777,160
"ремонт двигателей;автосервис, автотехцентр",79081944646,262
служба газового хозяйства,78165256616,257
ремонт сотовых телефонов,79081111155,79
"бассейн;спортивный, тренажерный зал;спортивный комплекс;центр йоги;фитнес-клуб",73822715809,88
оценочная компания;экспертиза,79029433408,234
магазин обуви;обувная косметика,73512253407,283
"автосервис, автотехцентр;ремонт мототехники",79192404948,262
"автосервис, автотехцентр",79192404948,262
"детская больница;медцентр, клиника",73512395130,109
монтажные работы;архитектурное бюро,79086483884,157
"медцентр, клиника",78453951858,109
почтовое отделение;железнодорожные и авиабилеты,79025762766,8
одноразовая посуда;тара и упаковочные материалы,73517299960,212
управляющая компания,78332408400,17
автомобильные грузоперевозки;железнодорожные грузоперевозки;контейнерные перевозки,79136040655,65
почтовое отделение,73812566016,71
быстрое питание,79090887773,48
нотариусы,74012538352,15
детское питание оптом;производство продуктов питания,73812408011,17
фотоуслуги;копировальный центр;полиграфические услуги,79110645051,165
"диагностический центр;медцентр, клиника",79632210262,109
"медцентр, клиника;диагностический центр",79632210262,109
развлекательный центр;ресторан;банкетный зал;кемпинг,73952727001,190
"автосервис, автотехцентр;магазин автозапчастей и автотоваров;кузовной ремонт",78452512898,6
дополнительное образование;центр развития ребенка,73517736282,245
"автостекла;автосервис, автотехцентр;магазин автозапчастей и автотоваров",79014886318,6
центр занятости,73842548479,34
нотариусы;адвокаты,74832511940,15
"автосервис, автотехцентр;автосалон;автомойка;шиномонтаж;магазин автозапчастей и автотоваров",78123341001,6
"автосалон;шиномонтаж;автосервис, автотехцентр;пункт техосмотра;магазин автозапчастей и автотоваров",78123341001,6
"медцентр, клиника",73832859812,109
микрофинансирование,79101408467,56
интернет-магазин;кондитерская,78002505115,6
пиломатериалы;стройматериалы оптом;строительный магазин,73952735310,97
строительный магазин;лакокрасочные материалы,79532699346,62
свадебный салон;праздничное агентство;видеосъемка;фотоуслуги,79050705340,165
"автомобильные диски и шины;автосервис, автотехцентр;студия автотюнинга;шиномонтаж",74232025252,262
магазин автозапчастей и автотоваров;автосигнализация;автоакустика;автомобильные диски и шины,74232025252,6
экспедирование грузов;железнодорожные грузоперевозки;автомобильные грузоперевозки,73499251362,65
экспедирование грузов;автомобильные грузоперевозки;железнодорожные грузоперевозки,73499251362,65
торговое оборудование,73822232432,10
медицинская лаборатория;больница для взрослых,73846672216,52
больница для взрослых,73846672216,241
"специализированная больница;больница для взрослых;поликлиника для взрослых;медцентр, клиника",78182230153,79
медсанчасть,78182230153,1
поликлиника для взрослых;специализированная больница,78125540019,79
"автосервис, автотехцентр;кузовной ремонт;автотехпомощь, эвакуация автомобилей",73012666607,262
"автосалон;автосервис, автотехцентр;кузовной ремонт",74752459592,262
парикмахерская;салон красоты,74725249106,122
ломбард,79814577773,214
энергоснабжение,73517261736,41
услуги репетиторов,79123039434,25
такси,73513443388,160
магазин автозапчастей и автотоваров,79606948030,6
фонд социального страхования,73952270514,45
общеобразовательная школа,79202169932,36
аутсорсинг;клининговые услуги,79156107574,17
"больница для взрослых;амбулатория, здравпункт, медпункт",78332557030,195
детский сад,73845636769,146
автомобильные грузоперевозки;грузовые авиаперевозки;складские услуги;контейнерные перевозки,73519393200,6
"автосервис, автотехцентр",79500904999,262
"автосервис, автотехцентр;автомойка;шиномонтаж",79080852023,262
магазин автозапчастей и автотоваров;автосигнализация;автоакустика,73512113535,6
налоговая инспекция,74872302207,64
коммунальная служба,78314324887,278
магазин бытовой техники;ремонт бытовой техники,78129271318,72
магазин бытовой техники;ремонт бытовой техники;утилизация отходов,78129271318,72
"специализированная больница;медцентр, клиника",73012410575,109
баня;сауна;массажный салон,73422377517,20
коммунальная служба,78183750712,278
такси;автомобильные грузоперевозки,73834326666,65
аптека,73912013459,187
"автомобильные диски и шины;шиномонтаж;автосервис, автотехцентр;автокосметика, автохимия;аккумуляторы и зарядные устройства;магазин автозапчастей и автотоваров",79642420322,6
"диспансер;больница для взрослых;детская больница;специализированная больница;медцентр, клиника",73812363684,109
диспансер,73812363684,108
больница для взрослых,73843717900,241
светильники;светодиодные системы;светотехника,78124254433,79
светильники;светотехника;электротехническая продукция,78124254433,118
светодиодные системы;светильники;светотехника,78124254433,79
коммунальная служба,73012467573,278
банк;обмен валюты,78183971564,160
матрасы;магазин постельных принадлежностей;магазин мебели,79500501039,159
дом отдыха;турбаза,79372757040,265
перевозка негабаритных грузов;аренда строительной и спецтехники;автомобильные грузоперевозки,79027909992,65
парикмахерская,74732266771,88
магазин одежды;магазин обуви;магазин детской одежды;магазин детской обуви;магазин галантереи и аксессуаров,79500890174,163
салон красоты,79517331043,122
натяжные и подвесные потолки,73012307307,121
автосалон,74912955544,97
салон красоты;солярий,73952590070,113
пенсионный фонд,78635054610,62
почтовое отделение,74742479096,71
"автотехпомощь, эвакуация автомобилей;аренда строительной и спецтехники;установка, ремонт и вскрытие замков",73952677505,6
детская поликлиника,73853220303,160
поликлиника для взрослых,74242796253,79
мфц;удостоверяющий центр;устройство сетей;программное обеспечение;расчетно-кассовый центр,74862510601,132
детская больница;медицинская лаборатория;детская поликлиника;диагностический центр,78125425761,44
"министерства, ведомства, государственные службы",78332406710,16
санитарно-эпидемиологическая служба;защита прав потребителя;органы государственного надзора,78332406710,13
аптека,73832726660,187
"медцентр, клиника",78612559241,109
женская консультация,78442388217,13
банкомат,79041206316,70
окна;комплектующие для окон;двери;оптовая компания,73842346100,120
налоговая инспекция,73912224328,64
агентство недвижимости;гостиница;жильё посуточно,79102268663,159
коммунальная служба,78162628590,278
агентство недвижимости;ипотечное агентство;согласование перепланировок,74953636343,116
кафе;доставка еды и обедов,79821052325,113
автоматические двери и ворота;двери,73912051904,120
ювелирная мастерская,79043258000,20
салон красоты;парикмахерская,78172510404,122
детская поликлиника,78215179143,160
доставка еды и обедов,79507669971,275
доставка воды,73439396262,246
страховая компания;страхование автомобилей,78314118064,1
магазин автозапчастей и автотоваров;производство и оптовая продажа автозапчастей;пункт выдачи;интернет-магазин,78633332151,6
судебные приставы,73953305057,187
магазин цветов;садовый центр;товары для интерьера,79155466666,2
меховая компания;меховое ателье;магазин кожи и меха,73422564007,85
автошкола,73842312361,81
"магазин автозапчастей и автотоваров;автоаксессуары;авторазбор;автосервис, автотехцентр;автокосметика, автохимия",73822211454,6
мфц,73903222024,0
детская больница,74742314460,186
травмпункт,74742314460,67
расчетно-кассовый центр,73422022701,2
стоматологическая клиника,74732561619,11
"диагностический центр;медцентр, клиника",79613308049,109
банк;кредитный брокер,73515160001,160
спортивная школа,79501452273,14
отделение полиции,74872474301,92
детские игрушки и игры;магазин канцтоваров;канцтовары оптом;веломагазин;детские товары оптом,79538169481,1
детские игрушки и игры;детский магазин;веломагазин;детские товары оптом,79538169481,89
детские игрушки и игры;магазин канцтоваров;канцтовары оптом;детские товары оптом;веломагазин,79538169481,1
детские игрушки и игры;веломагазин;детские товары оптом;канцтовары оптом;магазин канцтоваров,79538169481,1
ресторан,78152433786,190
продукты питания оптом;магазин продуктов,79504497374,56
ресторан,73842900967,190
товары для пчеловодства,79888993775,6
лестницы и лестничные ограждения;металлоконструкции;столярные работы,79888993775,275
больница для взрослых;поликлиника для взрослых;детская больница;детская поликлиника,74912350056,79
банк,78212205296,160
аварийная служба,73955063099,92
двери;интернет-магазин,79127939646,6
социальная служба;реабилитационный центр,73517357047,159
социальная служба,73513622156,2
центр занятости,73513622156,34
интернет-провайдер,74959559027,20
охранное предприятие;системы безопасности и охраны;противопожарные системы,74922370786,101
центр занятости,74872565975,34
"смазочные материалы;сельскохозяйственная техника;пищевое оборудование;автокосметика, автохимия;автомобильные грузоперевозки",79282700087,65
системы безопасности и охраны,73422505290,28
косметология;ногтевая студия,74732611214,47
ногтевая студия,74732611214,88
булочная;кондитерская,73952210230,1
салон оптики,73467300057,2
"медцентр, клиника",74742716066,109
химчистка,74872355437,218
парикмахерская,78314306327,88
диагностический центр,73422216901,44
бти,73513935679,0
медицинская комиссия;медицинская лаборатория,73435215321,52
детская поликлиника,73439317700,160
электро- и бензоинструмент;садовый инвентарь и техника,73842313000,72
коммунальная служба,78442231315,278
"шиномонтаж;автосервис, автотехцентр",73462326363,262
автомобильные диски и шины;шиномонтаж,73462326363,25
колледж,73517938882,5
кафе,79000255051,113
пенсионный фонд,73845674444,62
коммунальная служба,74872340004,278
парикмахерская,73953400136,88
аптека,73812941759,187
детская мебель;детские товары оптом;мебель на заказ;детский магазин;оптовая компания,79507223292,88
"трикотаж, трикотажные изделия;магазин одежды;магазин верхней одежды",79528049322,163
"военная форма, камуфляж;спецодежда",73812468373,11
тара и упаковочные материалы,79095357393,212
"медцентр, клиника",79115702020,109
аптека,73842517363,187
"медцентр, клиника;медицинская комиссия",74912460003,109
стоматологическая поликлиника,78202554800,33
магазин цветов;доставка цветов и букетов;магазин для садоводов,73412506086,194
нотариусы,73422030874,15
управление и обслуживание железных дорог,73422306488,48
детская поликлиника,74812425062,160
"автоэкспертиза, оценка автомобилей;юридические услуги",79510970605,62
спецтехника и спецавтомобили;сельскохозяйственная техника,79519366029,70
ресторан;суши-бар,78126779544,190
женская консультация,73842616836,13
женская консультация,78153631811,13
магазин хозтоваров и бытовой химии,73455723791,80
почтовое отделение;железнодорожные и авиабилеты,73462360651,8
"автосервис, автотехцентр;автоаксессуары;шиномонтаж;автомойка;ремонт двигателей;кузовной ремонт;ремонт акпп;магазин автозапчастей и автотоваров",73842657585,6
"автоэмали, автомобильные краски;магазин автозапчастей и автотоваров;производство и оптовая продажа автозапчастей;автостекла;автоаксессуары",79197918491,144
товары для праздника,79525027766,8
мебельная фурнитура и комплектующие,74832405405,157
магазин бытовой техники;магазин электроники;интернет-магазин,73512689813,6
банкетный зал,79081457851,3
столовая,79081457851,182
торговый центр;магазин одежды;детский магазин;магазин детской одежды;супермаркет,79081457851,163
служба газового хозяйства,78166624322,257
"медцентр, клиника",79042038020,109
больница для взрослых,79042038020,241
"магазин автозапчастей и автотоваров;автосервис, автотехцентр;аккумуляторы и зарядные устройства;производство и оптовая продажа автозапчастей;кузовной ремонт;установка гбо",73512486338,144
настольные и интеллектуальные игры;интернет-магазин,79528058544,6
массажный салон,79500772255,20
коммунальная служба,73012427837,278
бытовая химия оптом;магазин хозтоваров и бытовой химии;магазин посуды;лакокрасочные материалы,73912057805,7
такси,74843150000,160
женская консультация,73439423694,13
судебные приставы,78202555637,187
электротехническая продукция;системы безопасности и охраны;электромонтажные и электроустановочные изделия,73412912929,118
электротехническая продукция;электромонтажные и электроустановочные изделия;системы безопасности и охраны,73412912929,118
пенсионный фонд,74732201433,62
отделение полиции,73842567648,92
"магазин автозапчастей и автотоваров;автоаксессуары;автокосметика, автохимия",78612397636,6
магазин автозапчастей и автотоваров,73912199946,6
экспедирование грузов;автомобильные грузоперевозки;грузовые авиаперевозки;железнодорожные грузоперевозки,79585443629,65
программное обеспечение,74957307345,132
ремонт бытовой техники;компьютерный ремонт и услуги;ремонт сотовых телефонов,79045899643,72
такси;автомобильные грузоперевозки,74712222222,65
строительство и ремонт дорог;строительная компания;строительные и отделочные работы,79500912608,15
салон красоты;солярий,74832518884,113
стоматологическая клиника,74832518884,11
тепличное оборудование;сварочные работы;металлоизделия;садовый инвентарь и техника;металлические заборы и ограждения,79643510169,72
"автосервис, автотехцентр;магазин автозапчастей и автотоваров;автотехпомощь, эвакуация автомобилей",79536272567,6
спортивная одежда и обувь;товары для отдыха и туризма,78332248383,158
оздоровительный центр,73912667855,88
рукава и шланги;резиновые и резинотехнические изделия,73517995856,143
пенсионный фонд,78315993857,62
детская поликлиника,73912247826,160
"двери;установка, ремонт и вскрытие замков;замки и запорные устройства",74732323800,120
магазин мебели;мягкая мебель;корпусная мебель,79204432685,159
суд,73952388894,210
товары и услуги для паломников;религиозное объединение;турагентство,74812272719,82
отделение полиции,73956551702,92
суд,78137193062,210
садовый инвентарь и техника;электро- и бензоинструмент,73452486094,72
микрофинансирование,79638633980,56
денежные переводы,73014241277,47
банк,73014241277,160
поликлиника для взрослых,78342253959,79
медицинская лаборатория,73822517031,52
справочник,78212400808,58
ветеринарная клиника,73422267673,138
"автосалон;автосервис, автотехцентр;шиномонтаж;кузовной ремонт;ремонт акпп",78362381010,262
косметология,79219106660,47
строительный магазин,79505361703,62
"спортивный, тренажерный зал",73512253894,88
"книжный магазин;магазин дисков bd, cd, dvd;спортивный инвентарь и оборудование;детские игрушки и игры;магазин канцтоваров",74997538002,77
"детские игрушки и игры;книжный магазин;магазин дисков bd, cd, dvd;спортивный инвентарь и оборудование;магазин канцтоваров",74997538002,77
магазин для будущих мам;пункт выдачи;интернет-магазин;книжный магазин;детский магазин,74997538002,6
пункт выдачи,74997538002,15
суши-бар;кафе;доставка еды и обедов,74752727501,113
заказ автомобилей;такси,74725450045,160
"медцентр, клиника;косметология;пластическая хирургия;больница для взрослых;детская больница",74842222061,109
заказ автомобилей,73919222227,3
оборудование и материалы для салонов красоты;распространители косметики и бытовой химии,79056555090,54
магазин одежды;магазин верхней одежды,74732229555,163
торговый центр,73462270270,196
столовая,79514013256,182
охранное предприятие;системы безопасности и охраны,78612125565,101
электротехническая продукция;сварочное оборудование и материалы,79149100839,2
специализированная больница;реабилитационный центр,73433892604,159
больница для взрослых,73433892604,241
авторазбор;магазин автозапчастей и автотоваров;производство и оптовая продажа автозапчастей,73512354068,144
кафе;ресторан,73012332533,190
"магазин автозапчастей и автотоваров;автокосметика, автохимия;смазочные материалы;аккумуляторы и зарядные устройства",78332784547,6
экспедирование грузов;железнодорожные грузоперевозки;автомобильные грузоперевозки,78123477900,65
экспедирование грузов;автомобильные грузоперевозки;железнодорожные грузоперевозки,78123477900,65
кафе;магазин продуктов,79204220573,113
товары по каталогам,79204220573,77
нотариусы,73422166221,15
православный храм,79502717614,92
вывоз мусора и отходов,79990792244,40
бассейн,73952506600,5
"автосервис, автотехцентр;шиномонтаж",79505994144,262
"диагностический центр;медцентр, клиника",74722231326,109
"медцентр, клиника",74957580000,109
"медцентр, клиника;стоматологическая клиника;коррекция зрения",74957580000,109
"медицинская комиссия;медцентр, клиника;стоматологическая клиника;медицинская лаборатория",74957580000,109
"медцентр, клиника;стоматологическая клиника;гинекологическая клиника;медицинская лаборатория",74957580000,109
стоматологическая клиника,74957580000,11
"медцентр, клиника;стоматологическая клиника;коррекция зрения;косметология;пластическая хирургия",74957580000,109
"медицинская комиссия;медцентр, клиника;стоматологическая клиника",74957580000,109
"медцентр, клиника;стоматологическая клиника;гинекологическая клиника;медицинская лаборатория;коррекция зрения",74957580000,109
"медцентр, клиника;диагностический центр;гинекологическая клиника;коррекция зрения;стоматологическая клиника",74957580000,109
банк,74875158013,160
центр развития ребенка;услуги репетиторов;детский сад;клуб досуга;дополнительное образование,73422909006,146
спецодежда;средства индивидуальной защиты,73952560505,47
больница для взрослых;детская больница,78632374509,241
детская поликлиника,73847233649,160
детский сад;центр развития ребенка,74735463083,146
детский сад,74735463083,146
продажа и обслуживание лифтов;аварийная служба,78129515097,92
пункт проката,79040943333,2
курсы иностранных языков,79617891887,133
коммунальная служба,74732324520,278
"диагностический центр;медцентр, клиника",73832225483,109
больница для взрослых;пластическая хирургия,73422393293,241
"шторы, карнизы;жалюзи и рулонные шторы",79184829189,9
интернет-провайдер;телекоммуникационная компания;кабельное телевидение,78212441222,120
"автосервис, автотехцентр;шиномонтаж",79089571390,262
металлическая мебель;сейфы;стеллажи,79044560003,36
тсж,74812590174,0
"кузовной ремонт;шиномонтаж;автосервис, автотехцентр",79082712530,262
"автосервис, автотехцентр",79082712530,262
диагностический центр;оздоровительный центр;больница для взрослых,78362461600,44
аптека,73955651546,187
бухгалтерские услуги,73467268818,214
электронная платёжная система;платёжный терминал;денежные переводы,74957757868,47
банк;обмен валюты,74957757868,160
обмен валюты;денежные переводы;платёжный терминал,74957757868,47
денежные переводы,74957757868,47
аптека,73955521688,187
"автомобильные диски и шины;аккумуляторы и зарядные устройства;автосервис, автотехцентр",73517406320,262
ломбард,79202299980,214
ломбард;автоломбард,79202299980,88
страховая компания;страхование автомобилей,78633033062,1
производство и оптовая продажа автозапчастей;спецтехника и спецавтомобили,79133372333,144
"спецтехника и спецавтомобили;грузовые автомобили, грузовая техника",79133372333,24
организация конференций и семинаров;школа искусств;тренинги;курсы и мастер-классы,79525192834,5
магазин автозапчастей и автотоваров;интернет-магазин,78432111946,6
тепличное оборудование;полимерные материалы,78312201454,115
"медцентр, клиника;логопеды;детская больница;детский сад",73915168329,109
товары для здоровья;средства гигиены;магазин парфюмерии и косметики,79536181986,149
коммунальная служба,73519270122,278
рыба и морепродукты оптом;рыбный магазин,79507831773,80
банк;обмен валюты;ипотечное агентство,74957974222,160
банк,74957974222,160
банк;платёжный терминал,74957974222,160
охранное предприятие,74957974222,101
буровые работы,79526370040,80
аварийная служба;энергоснабжение;обслуживание электросетей;энергетическая организация,74832412711,92
банк;кредитный брокер;обмен валюты,73912660748,160
"автомойка;шиномонтаж;автосервис, автотехцентр",79009158999,262
"медцентр, клиника;пластическая хирургия;косметология",73512112323,109
распространители косметики и бытовой химии;парфюмерно-косметическая компания,79155444113,158
пекарня;кондитерская,74712536775,1
пекарня;хлебозавод;булочная;кондитерская,74712536775,1
"медцентр, клиника",78314129029,109
"медцентр, клиника;реабилитационный центр;женская консультация",78314129029,109
стоматологическая поликлиника,78314218250,33
услуги водителя без автомобиля;такси,78129264266,113
судебные приставы,73517215963,187
"больница для взрослых;специализированная больница;детская больница;медцентр, клиника",74823822271,109
охранное предприятие,73953294050,101
автосалон,73512209909,97
салон оптики;контактные линзы,74732611756,240
"автомобильные грузоперевозки;автотехпомощь, эвакуация автомобилей;грузовые автомобили, грузовая техника",79029111112,65
зоомагазин;ветеринарная аптека,78216727710,139
органы государственного надзора;администрация,78632351111,275
доставка еды и обедов,73512400024,275
"кованые изделия;лестницы и лестничные ограждения;металлоконструкции;камины, печи;двери",73912652249,120
"больница для взрослых;специализированная больница;медцентр, клиника",74015632288,109
такси,79536818844,160
почтовое отделение,73512644254,71
денежные переводы,73512644254,47
аутсорсинг,73412572500,17
"автосервис, автотехцентр;шиномонтаж;сварочные работы",79210998994,262
садоводческие товарищества и общества,79518192691,52
микрофинансирование,79192537620,56
наружная реклама;широкоформатная печать;рекламное агентство,73412331331,9
кафе,73412331331,113
дом культуры,78166492657,32
выборы 2017,78166492657,14
избирательные комиссии и участки,78166492657,10
стройматериалы оптом;фанера;ламинат;строительный магазин,73422580808,62
денежные переводы,73517917535,47
магазин автозапчастей и автотоваров;автомобильные диски и шины;шиномонтаж;аккумуляторы и зарядные устройства,73812777434,6
магазин одежды,79535945015,163
"оборудование и материалы для салонов красоты;медицинское оборудование, медтехника;магазин парфюмерии и косметики",74732969251,54
распространители косметики и бытовой химии,79503397670,158
магазин электроники;магазин бытовой техники;ноутбуки и планшеты;кондиционеры,78152255507,29
почтовое отделение,78315960800,71
"автосервис, автотехцентр;магазин автозапчастей и автотоваров;производство и оптовая продажа автозапчастей;автокондиционеры",73012333320,144
отделение полиции,78632494320,92
"бар, паб;кальян-бар",79294392199,47
"кадастровые работы;министерства, ведомства, государственные службы",73515238030,16
"регистрационная палата;министерства, ведомства, государственные службы",73515238030,16
страховая компания,73842568002,1
"санитарно-эпидемиологическая служба;дезинфекция, дезинсекция, дератизация;медицинская лаборатория",73952643657,52
служба газового хозяйства,78442623111,257
стоматологическая клиника,78202506080,11
спортивная школа,78183720670,14
магазин для садоводов;бытовая химия оптом;садовый инвентарь и техника;магазин хозтоваров и бытовой химии,74953745151,7
магазин для садоводов;тепличное оборудование;магазин семян;садовый инвентарь и техника,74953745151,194
магазин для садоводов;магазин семян;садовый инвентарь и техника,74953745151,194
магазин для садоводов;садовый инвентарь и техника;магазин семян,74953745151,194
магазин для садоводов;садовый инвентарь и техника;бытовая химия оптом,74953745151,7
садовый инвентарь и техника;магазин для садоводов;бытовая химия оптом,74953745151,7
"зоомагазин;зоосалон, зоопарикмахерская",74812323777,91
выборы 2017,73842381478,14
избирательные комиссии и участки,73842381478,10
страховая компания;страхование автомобилей,73412908778,1
"амбулатория, здравпункт, медпункт",73466952028,195
банк,73425361167,160
"автосервис, автотехцентр;магазин автозапчастей и автотоваров",79028003107,6
"автовокзал, автостанция",73437524082,96
"автосервис, автотехцентр;автомойка;шиномонтаж",79028146883,262
такси;заказ автомобилей,73464379900,160
автоаксессуары;книжный магазин,79217342188,289
доставка воды;магазин воды;безалкогольные напитки оптом,78129798899,134
сухие строительные смеси;строительный магазин;стройматериалы оптом,79304064304,62
банк,73832305544,160
юридические услуги;адвокаты,79081872610,92
магазин автозапчастей и автотоваров,73512371766,6
пенсионный фонд,73494241600,62
отделение полиции,73812793502,92
стройматериалы оптом;строительный магазин;магазин обоев,73512401022,92
медицинские изделия и расходные материалы,73422140472,279
"водоканал, водное хозяйство;аварийная служба",73812552383,92
"автосервис, автотехцентр;ремонт двигателей",73952660488,262
такси;услуги водителя без автомобиля,78362900000,113
программное обеспечение,73912830100,132
банкомат,78432939862,70
курьерские услуги;почтовые услуги,78332714021,215
"диагностический центр;медцентр, клиника;стоматологическая клиника;изготовление протезно-ортопедических изделий",78432220442,109
изготовление протезно-ортопедических изделий;ортопедический салон,78432220442,26
такси;услуги водителя без автомобиля,73467552525,113
интернет-магазин;автоаксессуары,73912817575,6
поликлиника для взрослых,78125502486,79
коммунальная служба,78312538520,278
магазин автозапчастей и автотоваров;интернет-магазин,73462449777,6
распространители косметики и бытовой химии;интернет-магазин,79059099853,6
агентство недвижимости;продажа и аренда коммерческой недвижимости;ипотечное агентство,79029400277,116
стоматологическая клиника,78216724492,11
такси;услуги водителя без автомобиля,74922444444,113
стоматологическая клиника,74922444444,11
парикмахерская,79119399007,88
"автосервис, автотехцентр",79507252078,262
банк,73512536614,160
"автосервис, автотехцентр",79069785543,262
паспортные и миграционные службы,78124665857,122
нотариусы,73832731140,15
тсж,73467266630,0
спутниковое телевидение;компьютерный ремонт и услуги;антенны,79507171407,72
"оздоровительный центр;реабилитационный центр;медцентр, клиника;диагностический центр",73512252202,109
"салон красоты;ногтевая студия;косметология;визажисты, стилисты;солярий",74732398764,47
шкафы-купе;мебель на заказ;магазин мебели,79088874476,159
"фитнес-клуб;кафе;спортивное питание;спортивный, тренажерный зал;спортивный магазин;гостиница",73912900007,159
детская поликлиника,74842734266,160
"автосервис, автотехцентр;магазин автозапчастей и автотоваров;автоаксессуары;производство и оптовая продажа автозапчастей;шиномонтаж",73422495500,144
госавтоинспекция;мрэо,73422617008,159
"автосервис, автотехцентр;автосигнализация;магазин автозапчастей и автотоваров;шиномонтаж",73452469469,6
автомойка,78152538463,93
"медцентр, клиника",78432102929,109
"медицинское оборудование, медтехника;оборудование и материалы для салонов красоты;нии",78432102929,54
нотариусы,73517300219,15
быстрое питание,79526230815,48
"ремонт двигателей;автосервис, автотехцентр",79202484848,262
"лесозаготовка, продажа леса;деревообрабатывающее предприятие;пиломатериалы",79501565133,97
ресторан,73427120600,190
загс,78632334838,0
"автовокзал, автостанция",73844721479,96
бти,79501190770,0
косметология,79157619891,47
коммунальная служба,73902343320,278
поликлиника для взрослых,74732788436,79
услуги грузчиков;переезды;автомобильные грузоперевозки,73912320995,65
стоматологическая клиника;косметология;массажный салон,79107485353,20
страховая компания,73817320431,1
ритуальные услуги;ритуальные принадлежности,79025145566,55
"диагностический центр;медцентр, клиника",73822661111,109
поликлиника для взрослых,74862455347,79
компьютерный ремонт и услуги;ремонт планшетов и ноутбуков;ремонт сотовых телефонов;ремонт бытовой техники,78332216649,72
телекоммуникационная компания;интернет-провайдер;кабельное телевидение;ip-телефония,73912913913,120
интернет-провайдер;ip-телефония;кабельное телевидение,73912913913,120
интернет-провайдер;ip-телефония;интернет-маркетинг;кабельное телевидение,73912913913,120
автобусные междугородные перевозки;управление и обслуживание городского транспорта,78313093939,167
мясной магазин;магазин колбас,73812293723,3
бюро переводов;миграционные услуги;страховая компания;железнодорожные и авиабилеты,79819757770,8
магазин автозапчастей и автотоваров;производство и оптовая продажа автозапчастей;интернет-магазин,73467322563,6
кондитерские изделия оптом;мука и крупы;складские услуги,78126220223,6
